Notes,State,State Code,Year,Year Code,Deaths,Population,Crude_Rate,Rate
,Alabama,1,1999,1999,435,4430141,9.8,9.819100566
,Alabama,1,2000,2000,427,4447100,9.6,9.601762947
,Alabama,1,2001,2001,387,4467634,8.7,8.662303134
,Alabama,1,2002,2002,381,4480089,8.5,8.504295339
,Alabama,1,2003,2003,399,4503491,8.9,8.859793436
,Alabama,1,2004,2004,375,4530729,8.3,8.276813731
,Alabama,1,2005,2005,369,4569805,8.1,8.074742795
,Alabama,1,2006,2006,400,4628981,8.6,8.641210668
,Alabama,1,2007,2007,396,4672840,8.5,8.474503728
,Alabama,1,2008,2008,424,4718206,9,8.986466466
,Alabama,1,2009,2009,479,4757938,10.1,10.06738633
,Alabama,1,2010,2010,454,4779736,9.5,9.498432549
,Alabama,1,2011,2011,452,4802740,9.4,9.411294386
,Alabama,1,2012,2012,500,4822023,10.4,10.36909198
,Alabama,1,2013,2013,504,4833722,10.4,10.42674775
,Alabama,1,2014,2014,479,4849377,9.9,9.877557468
,Alabama,1,2015,2015,528,4858979,10.9,10.86648039
,Alabama,1,2016,2016,550,4863300,11.3,11.30919335
,Alabama,1,2017,2017,573,4874747,11.8,11.75445618
,Alabama,1,2018,2018,552,4887871,11.3,11.2932604
Total,Alabama,1,,,9064,93779449,9.7,9.665230599
,Alaska,2,1999,1999,55,624779,8.8,8.803112781
,Alaska,2,2000,2000,96,626932,15.3,15.31266549
,Alaska,2,2001,2001,65,633714,10.3,10.2569929
,Alaska,2,2002,2002,92,642337,14.3,14.32269977
,Alaska,2,2003,2003,79,648414,12.2,12.18357407
,Alaska,2,2004,2004,94,659286,14.3,14.25784864
,Alaska,2,2005,2005,87,666946,13,13.04453434
,Alaska,2,2006,2006,79,675302,11.7,11.69846972
,Alaska,2,2007,2007,94,680300,13.8,13.81743349
,Alaska,2,2008,2008,116,687455,16.9,16.87383174
,Alaska,2,2009,2009,79,698895,11.3,11.30355776
,Alaska,2,2010,2010,107,710231,15.1,15.06552094
,Alaska,2,2011,2011,99,722718,13.7,13.69828896
,Alaska,2,2012,2012,98,731449,13.4,13.3980633
,Alaska,2,2013,2013,120,735132,16.3,16.32359903
,Alaska,2,2014,2014,115,736732,15.6,15.60947536
,Alaska,2,2015,2015,123,738432,16.7,16.65691628
,Alaska,2,2016,2016,113,741894,15.2,15.23128641
,Alaska,2,2017,2017,119,739795,16.1,16.08553721
,Alaska,2,2018,2018,107,737438,14.5,14.50969437
Total,Alaska,2,,,1937,13838181,14,13.99750444
,Arizona,4,1999,1999,476,5023823,9.5,9.474856101
,Arizona,4,2000,2000,489,5130632,9.5,9.530989555
,Arizona,4,2001,2001,468,5273477,8.9,8.874600193
,Arizona,4,2002,2002,559,5396255,10.4,10.35903604
,Arizona,4,2003,2003,486,5510364,8.8,8.819744031
,Arizona,4,2004,2004,509,5652404,9,9.005018042
,Arizona,4,2005,2005,514,5839077,8.8,8.802761121
,Arizona,4,2006,2006,563,6029141,9.3,9.337980319
,Arizona,4,2007,2007,552,6167681,8.9,8.949879217
,Arizona,4,2008,2008,540,6280362,8.6,8.598230484
,Arizona,4,2009,2009,605,6343154,9.5,9.5378419
,Arizona,4,2010,2010,620,6392017,9.7,9.699598734
,Arizona,4,2011,2011,674,6482505,10.4,10.39721527
,Arizona,4,2012,2012,663,6553255,10.1,10.11710974
,Arizona,4,2013,2013,655,6626624,9.9,9.884369477
,Arizona,4,2014,2014,683,6731484,10.1,10.14635109
,Arizona,4,2015,2015,707,6828065,10.4,10.35432439
,Arizona,4,2016,2016,755,6931071,10.9,10.89297743
,Arizona,4,2017,2017,792,7016270,11.3,11.28804906
,Arizona,4,2018,2018,802,7171646,11.2,11.18292788
Total,Arizona,4,,,12112,123379307,9.8,9.816881205
,Arkansas,5,1999,1999,234,2651860,8.8,8.823995234
,Arkansas,5,2000,2000,244,2673400,9.1,9.12695444
,Arkansas,5,2001,2001,274,2691571,10.2,10.17992838
,Arkansas,5,2002,2002,257,2705927,9.5,9.497669375
,Arkansas,5,2003,2003,258,2724816,9.5,9.468529251
,Arkansas,5,2004,2004,232,2749686,8.4,8.437327026
,Arkansas,5,2005,2005,262,2781097,9.4,9.420742966
,Arkansas,5,2006,2006,247,2821761,8.8,8.75339903
,Arkansas,5,2007,2007,244,2848650,8.6,8.565460832
,Arkansas,5,2008,2008,275,2874554,9.6,9.566701478
,Arkansas,5,2009,2009,285,2896843,9.8,9.83829638
,Arkansas,5,2010,2010,266,2915918,9.1,9.122341575
,Arkansas,5,2011,2011,299,2937979,10.2,10.17706389
,Arkansas,5,2012,2012,307,2949131,10.4,10.40984615
,Arkansas,5,2013,2013,322,2959373,10.9,10.88068317
,Arkansas,5,2014,2014,323,2966369,10.9,10.88873299
,Arkansas,5,2015,2015,342,2978204,11.5,11.48343095
,Arkansas,5,2016,2016,331,2988248,11.1,11.07672456
,Arkansas,5,2017,2017,392,3004279,13,13.04805579
,Arkansas,5,2018,2018,345,3013825,11.4,11.44724727
Total,Arkansas,5,,,5739,57133491,10,10.04489643
,California,6,1999,1999,1532,33499204,4.6,4.573242994
,California,6,2000,2000,1487,33871648,4.4,4.390102306
,California,6,2001,2001,1450,34479458,4.2,4.205402533
,California,6,2002,2002,1490,34871843,4.3,4.272788221
,California,6,2003,2003,1505,35253159,4.3,4.26912096
,California,6,2004,2004,1366,35574576,3.8,3.839820888
,California,6,2005,2005,1329,35827943,3.7,3.709395206
,California,6,2006,2006,1319,36021202,3.7,3.661732332
,California,6,2007,2007,1422,36250311,3.9,3.922724966
,California,6,2008,2008,1478,36604337,4,4.037772901
,California,6,2009,2009,1519,36961229,4.1,4.109711828
,California,6,2010,2010,1492,37253956,4,4.004943797
,California,6,2011,2011,1564,37691912,4.1,4.149431316
,California,6,2012,2012,1549,38041430,4.1,4.071876373
,California,6,2013,2013,1571,38332521,4.1,4.098347719
,California,6,2014,2014,1582,38802500,4.1,4.077056891
,California,6,2015,2015,1559,39144818,4,3.982647205
,California,6,2016,2016,1595,39250017,4.1,4.063692507
,California,6,2017,2017,1610,39536653,4.1,4.072170702
,California,6,2018,2018,1629,39557045,4.1,4.118103362
Total,California,6,,,30048,736825762,4.1,4.078033309
,Colorado,8,1999,1999,309,4226018,7.3,7.311847702
,Colorado,8,2000,2000,350,4301261,8.1,8.137148618
,Colorado,8,2001,2001,390,4425687,8.8,8.812191192
,Colorado,8,2002,2002,380,4490406,8.5,8.462486466
,Colorado,8,2003,2003,363,4528732,8,8.015488662
,Colorado,8,2004,2004,402,4575013,8.8,8.786860278
,Colorado,8,2005,2005,396,4631888,8.5,8.54942952
,Colorado,8,2006,2006,371,4720423,7.9,7.859465137
,Colorado,8,2007,2007,396,4803868,8.2,8.243357228
,Colorado,8,2008,2008,387,4889730,7.9,7.914547429
,Colorado,8,2009,2009,454,4972195,9.1,9.130776247
,Colorado,8,2010,2010,427,5029196,8.5,8.490422724
,Colorado,8,2011,2011,443,5116796,8.7,8.657761615
,Colorado,8,2012,2012,533,5187582,10.3,10.27453638
,Colorado,8,2013,2013,489,5268367,9.3,9.281813511
,Colorado,8,2014,2014,539,5355866,10.1,10.06373199
,Colorado,8,2015,2015,541,5456574,9.9,9.914646076
,Colorado,8,2016,2016,613,5540545,11.1,11.06389353
,Colorado,8,2017,2017,592,5607154,10.6,10.5579408
,Colorado,8,2018,2018,660,5695564,11.6,11.58796565
Total,Colorado,8,,,9035,98822865,9.1,9.142620992
,Connecticut,9,1999,1999,111,3386401,3.3,3.277816183
,Connecticut,9,2000,2000,113,3405565,3.3,3.318098465
,Connecticut,9,2001,2001,115,3432835,3.4,3.350000801
,Connecticut,9,2002,2002,85,3458749,2.5,2.457535947
,Connecticut,9,2003,2003,89,3484336,2.6,2.554288679
,Connecticut,9,2004,2004,105,3496094,3,3.003351741
,Connecticut,9,2005,2005,112,3506956,3.2,3.193652843
,Connecticut,9,2006,2006,79,3517460,2.2,2.245938831
,Connecticut,9,2007,2007,78,3527270,2.2,2.211341916
,Connecticut,9,2008,2008,109,3545579,3.1,3.07425106
,Connecticut,9,2009,2009,93,3561807,2.6,2.611034231
,Connecticut,9,2010,2010,110,3574097,3.1,3.077700465
,Connecticut,9,2011,2011,111,3580709,3.1,3.099944732
,Connecticut,9,2012,2012,111,3590347,3.1,3.091623177
,Connecticut,9,2013,2013,92,3596080,2.6,2.558341305
,Connecticut,9,2014,2014,125,3596677,3.5,3.475430237
,Connecticut,9,2015,2015,104,3590886,2.9,2.896221155
,Connecticut,9,2016,2016,110,3576452,3.1,3.07567388
,Connecticut,9,2017,2017,109,3588184,3,3.037748343
,Connecticut,9,2018,2018,127,3572665,3.6,3.554769339
Total,Connecticut,9,,,2088,70589149,3,2.957961712
,Delaware,10,1999,1999,44,774990,5.7,5.677492613
,Delaware,10,2000,2000,40,783600,5.1,5.104645227
,Delaware,10,2001,2001,53,795699,6.7,6.660810181
,Delaware,10,2002,2002,38,806169,4.7,4.713651852
,Delaware,10,2003,2003,42,818003,5.1,5.134455497
,Delaware,10,2004,2004,45,830803,5.4,5.416446498
,Delaware,10,2005,2005,42,845150,5,4.969532036
,Delaware,10,2006,2006,42,859268,4.9,4.887881313
,Delaware,10,2007,2007,46,871749,5.3,5.276748238
,Delaware,10,2008,2008,41,883874,4.6,4.638670218
,Delaware,10,2009,2009,38,891730,4.3,4.261379566
,Delaware,10,2010,2010,43,897934,4.8,4.788770667
,Delaware,10,2011,2011,46,907135,5.1,5.070910063
,Delaware,10,2012,2012,46,917092,5,5.015854462
,Delaware,10,2013,2013,60,925749,6.5,6.481238435
,Delaware,10,2014,2014,59,935614,6.3,6.306019363
,Delaware,10,2015,2015,55,945934,5.8,5.814359141
,Delaware,10,2016,2016,65,952065,6.8,6.827264945
,Delaware,10,2017,2017,50,961939,5.2,5.19783479
,Delaware,10,2018,2018,58,967171,6,5.996871287
Total,Delaware,10,,,953,17571668,5.4,5.423503335
,District of Columbia,11,1999,1999,13,570213,Unreliable,2.279849811
,District of Columbia,11,2001,2001,21,574504,3.7,3.65532703
,District of Columbia,11,2002,2002,13,573158,Unreliable,2.268135488
,District of Columbia,11,2003,2003,10,568502,Unreliable,1.759008763
,District of Columbia,11,2005,2005,10,567136,Unreliable,1.7632455
,District of Columbia,11,2006,2006,10,570681,Unreliable,1.752292437
,District of Columbia,11,2007,2007,10,574404,Unreliable,1.740934952
,District of Columbia,11,2008,2008,12,580236,Unreliable,2.068124005
,District of Columbia,11,2010,2010,13,601723,Unreliable,2.160462538
,District of Columbia,11,2012,2012,10,632323,Unreliable,1.58147023
,District of Columbia,11,2014,2014,14,658893,Unreliable,2.12477595
,District of Columbia,11,2015,2015,11,672228,Unreliable,1.636349572
Total,District of Columbia,11,,,199,12218084,1.6,1.628733278
,Florida,12,1999,1999,1136,15759421,7.2,7.208386653
,Florida,12,2000,2000,1186,15982378,7.4,7.420672944
,Florida,12,2001,2001,1197,16356966,7.3,7.317983054
,Florida,12,2002,2002,1205,16689370,7.2,7.220164692
,Florida,12,2003,2003,1242,17004085,7.3,7.304127214
,Florida,12,2004,2004,1197,17415318,6.9,6.873259506
,Florida,12,2005,2005,1163,17842038,6.5,6.518313659
,Florida,12,2006,2006,1227,18166990,6.8,6.754008231
,Florida,12,2007,2007,1284,18367842,7,6.99047825
,Florida,12,2008,2008,1397,18527305,7.5,7.540222391
,Florida,12,2009,2009,1472,18652644,7.9,7.8916426
,Florida,12,2010,2010,1454,18801310,7.7,7.733503676
,Florida,12,2011,2011,1490,19057542,7.8,7.818426951
,Florida,12,2012,2012,1550,19317568,8,8.02378436
,Florida,12,2013,2013,1566,19552860,8,8.009058521
,Florida,12,2014,2014,1538,19893297,7.7,7.731247364
,Florida,12,2015,2015,1630,20271272,8,8.040935961
,Florida,12,2016,2016,1672,20612439,8.1,8.111606783
,Florida,12,2017,2017,1723,20984400,8.2,8.210861402
,Florida,12,2018,2018,1869,21299325,8.8,8.774925966
Total,Florida,12,,,28198,370554370,7.6,7.609679519
,Georgia,13,1999,1999,628,8045965,7.8,7.805154509
,Georgia,13,2000,2000,588,8186453,7.2,7.182597885
,Georgia,13,2001,2001,626,8377038,7.5,7.472808408
,Georgia,13,2002,2002,614,8508256,7.2,7.216520048
,Georgia,13,2003,2003,656,8622793,7.6,7.607743802
,Georgia,13,2004,2004,605,8769252,6.9,6.899106104
,Georgia,13,2005,2005,590,8925922,6.6,6.609961414
,Georgia,13,2006,2006,600,9155813,6.6,6.553213789
,Georgia,13,2007,2007,641,9349988,6.9,6.855623772
,Georgia,13,2008,2008,616,9504843,6.5,6.480906628
,Georgia,13,2009,2009,743,9620846,7.7,7.722813565
,Georgia,13,2010,2010,718,9687653,7.4,7.411495849
,Georgia,13,2011,2011,742,9815210,7.6,7.559695615
,Georgia,13,2012,2012,750,9919945,7.6,7.560525789
,Georgia,13,2013,2013,747,9992167,7.5,7.475855838
,Georgia,13,2014,2014,841,10097343,8.3,8.328923757
,Georgia,13,2015,2015,823,10214860,8.1,8.056889669
,Georgia,13,2016,2016,871,10310371,8.4,8.447804643
,Georgia,13,2017,2017,908,10429379,8.7,8.706175123
,Georgia,13,2018,2018,987,10519475,9.4,9.382597516
Total,Georgia,13,,,14294,188053572,7.6,7.601025521
,Hawaii,15,1999,1999,23,1210300,1.9,1.900355284
,Hawaii,15,2000,2000,37,1211537,3.1,3.053971938
,Hawaii,15,2001,2001,31,1225948,2.5,2.528655375
,Hawaii,15,2002,2002,21,1239613,1.7,1.694077103
,Hawaii,15,2003,2003,24,1251154,1.9,1.918229091
,Hawaii,15,2004,2004,31,1273569,2.4,2.434104473
,Hawaii,15,2005,2005,22,1292729,1.7,1.701826137
,Hawaii,15,2006,2006,21,1309731,1.6,1.603382679
,Hawaii,15,2007,2007,27,1315675,2.1,2.05217854
,Hawaii,15,2008,2008,28,1332213,2.1,2.101766009
,Hawaii,15,2009,2009,36,1346717,2.7,2.673167414
,Hawaii,15,2010,2010,37,1360301,2.7,2.719986238
,Hawaii,15,2011,2011,42,1374810,3.1,3.054967596
,Hawaii,15,2012,2012,43,1392313,3.1,3.088386017
,Hawaii,15,2013,2013,28,1404054,2,1.994225293
,Hawaii,15,2014,2014,33,1419561,2.3,2.324662343
,Hawaii,15,2015,2015,44,1431603,3.1,3.073477773
,Hawaii,15,2016,2016,37,1428557,2.6,2.590026159
,Hawaii,15,2017,2017,30,1427538,2.1,2.10152024
,Hawaii,15,2018,2018,30,1420491,2.1,2.111945799
Total,Hawaii,15,,,625,26668414,2.3,2.343596436
,Idaho,16,1999,1999,125,1275674,9.8,9.798741685
,Idaho,16,2000,2000,107,1293953,8.3,8.26923389
,Idaho,16,2001,2001,136,1319962,10.3,10.30332691
,Idaho,16,2002,2002,137,1340372,10.2,10.22104311
,Idaho,16,2003,2003,137,1363380,10,10.0485558
,Idaho,16,2004,2004,151,1391802,10.8,10.84924436
,Idaho,16,2005,2005,160,1428241,11.2,11.20259116
,Idaho,16,2006,2006,145,1468669,9.9,9.872884905
,Idaho,16,2007,2007,147,1505105,9.8,9.766760459
,Idaho,16,2008,2008,149,1534320,9.7,9.711142395
,Idaho,16,2009,2009,176,1554439,11.3,11.32241278
,Idaho,16,2010,2010,182,1567582,11.6,11.61023793
,Idaho,16,2011,2011,167,1584985,10.5,10.53637732
,Idaho,16,2012,2012,176,1595728,11,11.02944863
,Idaho,16,2013,2013,200,1612136,12.4,12.40590124
,Idaho,16,2014,2014,182,1634464,11.1,11.13514889
,Idaho,16,2015,2015,215,1654930,13,12.99148604
,Idaho,16,2016,2016,215,1683140,12.8,12.77374431
,Idaho,16,2017,2017,244,1716943,14.2,14.21130463
,Idaho,16,2018,2018,250,1754208,14.3,14.25144567
Total,Idaho,16,,,3401,30280033,11.2,11.23182395
,Illinois,17,1999,1999,481,12359020,3.9,3.891894341
,Illinois,17,2000,2000,431,12419293,3.5,3.47040689
,Illinois,17,2001,2001,505,12488445,4,4.043738031
,Illinois,17,2002,2002,466,12525556,3.7,3.720393729
,Illinois,17,2003,2003,404,12556006,3.2,3.217583681
,Illinois,17,2004,2004,387,12589773,3.1,3.073923573
,Illinois,17,2005,2005,424,12609903,3.4,3.36243665
,Illinois,17,2006,2006,372,12643955,2.9,2.942117399
,Illinois,17,2007,2007,423,12695866,3.3,3.331793199
,Illinois,17,2008,2008,438,12747038,3.4,3.436092369
,Illinois,17,2009,2009,402,12796778,3.1,3.141415753
,Illinois,17,2010,2010,442,12830632,3.4,3.444880969
,Illinois,17,2011,2011,461,12869257,3.6,3.582180385
,Illinois,17,2012,2012,490,12875255,3.8,3.805749867
,Illinois,17,2013,2013,496,12882135,3.9,3.850293449
,Illinois,17,2014,2014,533,12880580,4.1,4.138012419
,Illinois,17,2015,2015,495,12859995,3.8,3.849146131
,Illinois,17,2016,2016,506,12801539,4,3.952649756
,Illinois,17,2017,2017,577,12802023,4.5,4.507100167
,Illinois,17,2018,2018,573,12741080,4.5,4.497263968
Total,Illinois,17,,,9306,253974129,3.7,3.664152737
,Indiana,18,1999,1999,368,6044969,6.1,6.087706984
,Indiana,18,2000,2000,411,6080485,6.8,6.759329231
,Indiana,18,2001,2001,411,6127760,6.7,6.707181743
,Indiana,18,2002,2002,448,6155967,7.3,7.277491903
,Indiana,18,2003,2003,418,6196638,6.7,6.745593336
,Indiana,18,2004,2004,385,6233007,6.2,6.176793962
,Indiana,18,2005,2005,416,6278616,6.6,6.625664
,Indiana,18,2006,2006,442,6332669,7,6.9796795
,Indiana,18,2007,2007,392,6379599,6.1,6.144586831
,Indiana,18,2008,2008,450,6424806,7,7.004102536
,Indiana,18,2009,2009,458,6459325,7.1,7.090524165
,Indiana,18,2010,2010,455,6483802,7,7.017487579
,Indiana,18,2011,2011,411,6516922,6.3,6.306658266
,Indiana,18,2012,2012,513,6537334,7.8,7.847235586
,Indiana,18,2013,2013,523,6570902,8,7.959333437
,Indiana,18,2014,2014,528,6596855,8,8.003813939
,Indiana,18,2015,2015,517,6619680,7.8,7.810045199
,Indiana,18,2016,2016,591,6633053,8.9,8.909924284
,Indiana,18,2017,2017,604,6666818,9.1,9.059794343
,Indiana,18,2018,2018,588,6691878,8.8,8.786771068
Total,Indiana,18,,,9329,128031085,7.3,7.286511709
,Iowa,19,1999,1999,160,2917634,5.5,5.483895513
,Iowa,19,2000,2000,157,2926324,5.4,5.365092861
,Iowa,19,2001,2001,157,2931997,5.4,5.354712164
,Iowa,19,2002,2002,157,2934234,5.4,5.350629841
,Iowa,19,2003,2003,178,2941999,6.1,6.050307971
,Iowa,19,2004,2004,155,2953635,5.2,5.247770967
,Iowa,19,2005,2005,170,2964454,5.7,5.734614199
,Iowa,19,2006,2006,149,2982644,5,4.995567691
,Iowa,19,2007,2007,133,2999212,4.4,4.434498128
,Iowa,19,2008,2008,180,3016734,6,5.966717649
,Iowa,19,2009,2009,160,3032870,5.3,5.275531098
,Iowa,19,2010,2010,177,3046355,5.8,5.810222381
,Iowa,19,2011,2011,185,3062309,6,6.0411931
,Iowa,19,2012,2012,175,3074186,5.7,5.69256382
,Iowa,19,2013,2013,221,3090416,7.2,7.151140817
,Iowa,19,2014,2014,194,3107126,6.2,6.243712035
,Iowa,19,2015,2015,193,3123899,6.2,6.178176695
,Iowa,19,2016,2016,228,3134693,7.3,7.273439536
,Iowa,19,2017,2017,222,3145711,7.1,7.05722808
,Iowa,19,2018,2018,231,3156145,7.3,7.319055367
Total,Iowa,19,,,3582,60542577,5.9,5.91649741
,Kansas,20,1999,1999,166,2678338,6.2,6.197873457
,Kansas,20,2000,2000,186,2688418,6.9,6.918566979
,Kansas,20,2001,2001,160,2702162,5.9,5.921184592
,Kansas,20,2002,2002,184,2713535,6.8,6.780822801
,Kansas,20,2003,2003,211,2723004,7.7,7.748795081
,Kansas,20,2004,2004,204,2734373,7.5,7.460576885
,Kansas,20,2005,2005,188,2745299,6.8,6.848070101
,Kansas,20,2006,2006,211,2762931,7.6,7.636817568
,Kansas,20,2007,2007,213,2783785,7.7,7.651452968
,Kansas,20,2008,2008,185,2808076,6.6,6.588140777
,Kansas,20,2009,2009,200,2832704,7.1,7.060391767
,Kansas,20,2010,2010,210,2853118,7.4,7.360368551
,Kansas,20,2011,2011,233,2871238,8.1,8.114966436
,Kansas,20,2012,2012,297,2885905,10.3,10.29139906
,Kansas,20,2013,2013,241,2893957,8.3,8.327698027
,Kansas,20,2014,2014,238,2904021,8.2,8.195533021
,Kansas,20,2015,2015,224,2911641,7.7,7.69325614
,Kansas,20,2016,2016,257,2907289,8.8,8.839850459
,Kansas,20,2017,2017,316,2913123,10.8,10.84746507
,Kansas,20,2018,2018,292,2911505,10,10.02917735
Total,Kansas,20,,,4416,56224422,7.9,7.854238146
,Kentucky,21,1999,1999,334,4018053,8.3,8.312483683
,Kentucky,21,2000,2000,373,4041769,9.2,9.228632314
,Kentucky,21,2001,2001,331,4068132,8.1,8.136412486
,Kentucky,21,2002,2002,364,4089875,8.9,8.900027507
,Kentucky,21,2003,2003,400,4117170,9.7,9.715411314
,Kentucky,21,2004,2004,377,4146101,9.1,9.092880275
,Kentucky,21,2005,2005,373,4182742,8.9,8.917595204
,Kentucky,21,2006,2006,383,4219239,9.1,9.077466339
,Kentucky,21,2007,2007,422,4256672,9.9,9.913848189
,Kentucky,21,2008,2008,394,4289878,9.2,9.184410373
,Kentucky,21,2009,2009,403,4317074,9.3,9.335026455
,Kentucky,21,2010,2010,404,4339367,9.3,9.310113664
,Kentucky,21,2011,2011,453,4369356,10.4,10.36766059
,Kentucky,21,2012,2012,469,4380415,10.7,10.7067481
,Kentucky,21,2013,2013,453,4395295,10.3,10.30647545
,Kentucky,21,2014,2014,470,4413457,10.6,10.64924842
,Kentucky,21,2015,2015,499,4425092,11.3,11.27660171
,Kentucky,21,2016,2016,495,4436974,11.2,11.15625199
,Kentucky,21,2017,2017,470,4454189,10.6,10.55186477
,Kentucky,21,2018,2018,509,4468402,11.4,11.39109686
Total,Kentucky,21,,,8376,85429252,9.8,9.804604165
,Louisiana,22,1999,1999,389,4460811,8.7,8.720387391
,Louisiana,22,2000,2000,326,4468976,7.3,7.294735975
,Louisiana,22,2001,2001,352,4477875,7.9,7.860871507
,Louisiana,22,2002,2002,349,4497267,7.8,7.760268625
,Louisiana,22,2003,2003,316,4521042,7,6.989539137
,Louisiana,22,2004,2004,371,4552238,8.1,8.149837508
,Louisiana,22,2005,2005,348,4576628,7.6,7.603851569
,Louisiana,22,2006,2006,331,4302665,7.7,7.692906606
,Louisiana,22,2007,2007,335,4375581,7.7,7.656126124
,Louisiana,22,2008,2008,351,4435586,7.9,7.913272339
,Louisiana,22,2009,2009,328,4491648,7.3,7.302442222
,Louisiana,22,2010,2010,385,4533372,8.5,8.492574622
,Louisiana,22,2011,2011,377,4574836,8.2,8.240732564
,Louisiana,22,2012,2012,375,4601893,8.1,8.148820496
,Louisiana,22,2013,2013,408,4625470,8.8,8.820725245
,Louisiana,22,2014,2014,444,4649676,9.5,9.54905245
,Louisiana,22,2015,2015,468,4670724,10,10.01985988
,Louisiana,22,2016,2016,440,4681666,9.4,9.398363745
,Louisiana,22,2017,2017,444,4684333,9.5,9.478403862
,Louisiana,22,2018,2018,467,4659978,10,10.02150654
Total,Louisiana,22,,,7604,90842265,8.4,8.370553068
,Maine,23,1999,1999,91,1266808,7.2,7.183409009
,Maine,23,2000,2000,98,1274923,7.7,7.686738729
,Maine,23,2001,2001,86,1285692,6.7,6.689004832
,Maine,23,2002,2002,79,1295960,6.1,6.095867156
,Maine,23,2003,2003,71,1306513,5.4,5.434312556
,Maine,23,2004,2004,97,1313688,7.4,7.383792803
,Maine,23,2005,2005,100,1318787,7.6,7.582725641
,Maine,23,2006,2006,87,1323619,6.6,6.572888422
,Maine,23,2007,2007,90,1327040,6.8,6.782011092
,Maine,23,2008,2008,103,1330509,7.7,7.741398217
,Maine,23,2009,2009,106,1329590,8,7.972382464
,Maine,23,2010,2010,95,1328361,7.2,7.151670367
,Maine,23,2011,2011,113,1328188,8.5,8.507831723
,Maine,23,2012,2012,112,1329192,8.4,8.426171689
,Maine,23,2013,2013,137,1328302,10.3,10.31391958
,Maine,23,2014,2014,116,1330089,8.7,8.721220911
,Maine,23,2015,2015,128,1329328,9.6,9.628925292
,Maine,23,2016,2016,112,1331479,8.4,8.41169857
,Maine,23,2017,2017,151,1335907,11.3,11.30318203
,Maine,23,2018,2018,147,1338404,11,10.98323077
Total,Maine,23,,,2119,26352379,8,8.04101975
,Maryland,24,1999,1999,241,5254509,4.6,4.58653701
,Maryland,24,2000,2000,245,5296486,4.6,4.625708441
,Maryland,24,2001,2001,220,5374691,4.1,4.093258571
,Maryland,24,2002,2002,233,5440389,4.3,4.282781985
,Maryland,24,2003,2003,239,5496269,4.3,4.348404345
,Maryland,24,2004,2004,250,5546935,4.5,4.506993502
,Maryland,24,2005,2005,220,5592379,3.9,3.933925079
,Maryland,24,2006,2006,238,5627367,4.2,4.229331408
,Maryland,24,2007,2007,233,5653408,4.1,4.12140783
,Maryland,24,2008,2008,263,5684965,4.6,4.626237804
,Maryland,24,2009,2009,252,5730388,4.4,4.39760798
,Maryland,24,2010,2010,222,5773552,3.8,3.845119954
,Maryland,24,2011,2011,242,5828289,4.2,4.152161981
,Maryland,24,2012,2012,272,5884563,4.6,4.622263369
,Maryland,24,2013,2013,257,5928814,4.3,4.334762399
,Maryland,24,2014,2014,277,5976407,4.6,4.634891834
,Maryland,24,2015,2015,244,6006401,4.1,4.062332835
,Maryland,24,2016,2016,251,6016447,4.2,4.171897467
,Maryland,24,2017,2017,271,6052177,4.5,4.477727601
,Maryland,24,2018,2018,266,6042718,4.4,4.401992613
Total,Maryland,24,,,4936,114207154,4.3,4.321970934
,Massachusetts,25,1999,1999,118,6317345,1.9,1.867873292
,Massachusetts,25,2000,2000,105,6349097,1.7,1.653778482
,Massachusetts,25,2001,2001,107,6397634,1.7,1.6724933
,Massachusetts,25,2002,2002,99,6417206,1.5,1.542727474
,Massachusetts,25,2003,2003,122,6422565,1.9,1.899552593
,Massachusetts,25,2004,2004,95,6412281,1.5,1.481532079
,Massachusetts,25,2005,2005,111,6403290,1.7,1.733483881
,Massachusetts,25,2006,2006,101,6410084,1.6,1.575642378
,Massachusetts,25,2007,2007,114,6431559,1.8,1.772509589
,Massachusetts,25,2008,2008,118,6468967,1.8,1.824093399
,Massachusetts,25,2009,2009,89,6517613,1.4,1.365530601
,Massachusetts,25,2010,2010,138,6547629,2.1,2.10763316
,Massachusetts,25,2011,2011,116,6587536,1.8,1.760901193
,Massachusetts,25,2012,2012,151,6646144,2.3,2.271994107
,Massachusetts,25,2013,2013,112,6692824,1.7,1.673434114
,Massachusetts,25,2014,2014,130,6745408,1.9,1.927237018
,Massachusetts,25,2015,2015,118,6794422,1.7,1.736718738
,Massachusetts,25,2016,2016,140,6811779,2.1,2.05526339
,Massachusetts,25,2017,2017,152,6859819,2.2,2.215801904
,Massachusetts,25,2018,2018,148,6902149,2.1,2.144259708
Total,Massachusetts,25,,,2384,131135351,1.8,1.817968978
,Michigan,26,1999,1999,542,9897116,5.5,5.476342805
,Michigan,26,2000,2000,531,9938444,5.3,5.342888686
,Michigan,26,2001,2001,542,9991120,5.4,5.424817238
,Michigan,26,2002,2002,578,10015710,5.8,5.770933863
,Michigan,26,2003,2003,523,10041152,5.2,5.20856571
,Michigan,26,2004,2004,532,10055315,5.3,5.290734303
,Michigan,26,2005,2005,554,10051137,5.5,5.511814236
,Michigan,26,2006,2006,598,10036081,6,5.958501132
,Michigan,26,2007,2007,558,10001284,5.6,5.57928362
,Michigan,26,2008,2008,570,9946889,5.7,5.730434913
,Michigan,26,2009,2009,575,9901591,5.8,5.807147558
,Michigan,26,2010,2010,601,9883640,6.1,6.080755673
,Michigan,26,2011,2011,619,9876187,6.3,6.267601049
,Michigan,26,2012,2012,623,9883360,6.3,6.303524308
,Michigan,26,2013,2013,674,9895622,6.8,6.811092825
,Michigan,26,2014,2014,671,9909877,6.8,6.771022486
,Michigan,26,2015,2015,692,9922576,7,6.973995462
,Michigan,26,2016,2016,717,9928300,7.2,7.221780164
,Michigan,26,2017,2017,682,9962311,6.8,6.84580114
,Michigan,26,2018,2018,806,9995915,8.1,8.063293856
Total,Michigan,26,,,12188,199133627,6.1,6.120513237
,Minnesota,27,1999,1999,228,4873481,4.7,4.678380812
,Minnesota,27,2000,2000,223,4919479,4.5,4.533000344
,Minnesota,27,2001,2001,242,4982796,4.9,4.856710971
,Minnesota,27,2002,2002,238,5018935,4.7,4.742041887
,Minnesota,27,2003,2003,244,5053572,4.8,4.828268005
,Minnesota,27,2004,2004,268,5087713,5.3,5.267592728
,Minnesota,27,2005,2005,255,5119598,5,4.980859825
,Minnesota,27,2006,2006,243,5163555,4.7,4.706060069
,Minnesota,27,2007,2007,265,5207203,5.1,5.089104458
,Minnesota,27,2008,2008,289,5247018,5.5,5.507890387
,Minnesota,27,2009,2009,281,5281203,5.3,5.320757411
,Minnesota,27,2010,2010,280,5303925,5.3,5.279109339
,Minnesota,27,2011,2011,322,5344861,6,6.024478466
,Minnesota,27,2012,2012,310,5379139,5.8,5.763004079
,Minnesota,27,2013,2013,339,5420380,6.3,6.254174062
,Minnesota,27,2014,2014,308,5457173,5.6,5.643947883
,Minnesota,27,2015,2015,304,5489594,5.5,5.537750151
,Minnesota,27,2016,2016,332,5519952,6,6.014545054
,Minnesota,27,2017,2017,365,5576606,6.5,6.545199715
,Minnesota,27,2018,2018,356,5611179,6.3,6.344477694
Total,Minnesota,27,,,5692,105057362,5.4,5.417992506
,Mississippi,28,1999,1999,244,2828408,8.6,8.626761061
,Mississippi,28,2000,2000,220,2844658,7.7,7.733794361
,Mississippi,28,2001,2001,239,2852994,8.4,8.377164481
,Mississippi,28,2002,2002,254,2858681,8.9,8.885216644
,Mississippi,28,2003,2003,247,2868312,8.6,8.611336563
,Mississippi,28,2004,2004,245,2889010,8.5,8.480413706
,Mississippi,28,2005,2005,251,2905943,8.6,8.637471554
,Mississippi,28,2006,2006,219,2904978,7.5,7.538783426
,Mississippi,28,2007,2007,279,2928350,9.5,9.527549644
,Mississippi,28,2008,2008,286,2947806,9.7,9.702131009
,Mississippi,28,2009,2009,269,2958774,9.1,9.091603482
,Mississippi,28,2010,2010,256,2967297,8.6,8.627380407
,Mississippi,28,2011,2011,268,2978512,9,8.997781443
,Mississippi,28,2012,2012,296,2984926,9.9,9.916493742
,Mississippi,28,2013,2013,279,2991207,9.3,9.327338429
,Mississippi,28,2014,2014,251,2994079,8.4,8.383212333
,Mississippi,28,2015,2015,292,2992333,9.8,9.758272224
,Mississippi,28,2016,2016,268,2988726,9,8.967031437
,Mississippi,28,2017,2017,295,2984100,9.9,9.88572769
,Mississippi,28,2018,2018,313,2986530,10.5,10.48039029
Total,Mississippi,28,,,5271,58655624,9,8.986350567
,Missouri,29,1999,1999,426,5561948,7.7,7.659187033
,Missouri,29,2000,2000,434,5595211,7.8,7.756633307
,Missouri,29,2001,2001,427,5641142,7.6,7.569389319
,Missouri,29,2002,2002,423,5674825,7.5,7.453974352
,Missouri,29,2003,2003,411,5709403,7.2,7.198651067
,Missouri,29,2004,2004,389,5747741,6.8,6.767876284
,Missouri,29,2005,2005,427,5790300,7.4,7.374402017
,Missouri,29,2006,2006,444,5842704,7.6,7.599221183
,Missouri,29,2007,2007,452,5887612,7.7,7.677136333
,Missouri,29,2008,2008,421,5923916,7.1,7.106785444
,Missouri,29,2009,2009,471,5961088,7.9,7.901242189
,Missouri,29,2010,2010,489,5988927,8.2,8.165068634
,Missouri,29,2011,2011,513,6010688,8.5,8.534796682
,Missouri,29,2012,2012,546,6021988,9.1,9.066773298
,Missouri,29,2013,2013,556,6044171,9.2,9.198945563
,Missouri,29,2014,2014,588,6063589,9.7,9.69722717
,Missouri,29,2015,2015,605,6083672,9.9,9.944651848
,Missouri,29,2016,2016,650,6093000,10.7,10.66797965
,Missouri,29,2017,2017,701,6113532,11.5,11.46636674
,Missouri,29,2018,2018,726,6126452,11.9,11.85025199
Total,Missouri,29,,,10099,117881909,8.6,8.567048231
,Montana,30,1999,1999,96,897507,10.7,10.6962954
,Montana,30,2000,2000,107,902195,11.9,11.85996376
,Montana,30,2001,2001,133,906961,14.7,14.66435712
,Montana,30,2002,2002,115,911667,12.6,12.61425499
,Montana,30,2003,2003,120,919630,13,13.04872612
,Montana,30,2004,2004,105,930009,11.3,11.29021332
,Montana,30,2005,2005,135,940102,14.4,14.3601439
,Montana,30,2006,2006,102,952692,10.7,10.70650326
,Montana,30,2007,2007,120,964706,12.4,12.43902287
,Montana,30,2008,2008,132,976415,13.5,13.51884189
,Montana,30,2009,2009,136,983982,13.8,13.82139104
,Montana,30,2010,2010,141,989415,14.3,14.2508452
,Montana,30,2011,2011,152,998199,15.2,15.22742459
,Montana,30,2012,2012,153,1005141,15.2,15.22174501
,Montana,30,2013,2013,147,1015165,14.5,14.48040466
,Montana,30,2014,2014,149,1023579,14.6,14.55676601
,Montana,30,2015,2015,174,1032949,16.8,16.84497492
,Montana,30,2016,2016,162,1042520,15.5,15.53927023
,Montana,30,2017,2017,213,1050493,20.3,20.27619413
,Montana,30,2018,2018,160,1062305,15.1,15.06158777
Total,Montana,30,,,2752,19505632,14.1,14.10874562
,Nebraska,31,1999,1999,108,1704764,6.3,6.335187744
,Nebraska,31,2000,2000,115,1711263,6.7,6.720182695
,Nebraska,31,2001,2001,107,1719836,6.2,6.221523448
,Nebraska,31,2002,2002,105,1728292,6.1,6.075362265
,Nebraska,31,2003,2003,91,1738643,5.2,5.23396695
,Nebraska,31,2004,2004,87,1749370,5,4.97321893
,Nebraska,31,2005,2005,100,1761497,5.7,5.676989515
,Nebraska,31,2006,2006,105,1772693,5.9,5.923191438
,Nebraska,31,2007,2007,89,1783440,5,4.990355717
,Nebraska,31,2008,2008,98,1796378,5.5,5.455421966
,Nebraska,31,2009,2009,93,1812683,5.1,5.130516478
,Nebraska,31,2010,2010,106,1826341,5.8,5.803954464
,Nebraska,31,2011,2011,111,1842641,6,6.023962345
,Nebraska,31,2012,2012,115,1855525,6.2,6.197706848
,Nebraska,31,2013,2013,111,1868516,5.9,5.94054319
,Nebraska,31,2014,2014,133,1881503,7.1,7.068816792
,Nebraska,31,2015,2015,114,1896190,6,6.012055754
,Nebraska,31,2016,2016,116,1907116,6.1,6.08248266
,Nebraska,31,2017,2017,126,1920076,6.6,6.562240245
,Nebraska,31,2018,2018,145,1929268,7.5,7.515803921
Total,Nebraska,31,,,2175,36206035,6,6.007285802
,Nevada,32,1999,1999,259,1934718,13.4,13.38696389
,Nevada,32,2000,2000,241,1998257,12.1,12.06051074
,Nevada,32,2001,2001,219,2098399,10.4,10.43652804
,Nevada,32,2002,2002,245,2173791,11.3,11.27063273
,Nevada,32,2003,2003,247,2248850,11,10.98339151
,Nevada,32,2004,2004,249,2346222,10.6,10.61280646
,Nevada,32,2005,2005,262,2432143,10.8,10.77239291
,Nevada,32,2006,2006,255,2522658,10.1,10.10838568
,Nevada,32,2007,2007,270,2601072,10.4,10.38033549
,Nevada,32,2008,2008,291,2653630,11,10.96611057
,Nevada,32,2009,2009,295,2684665,11,10.9883356
,Nevada,32,2010,2010,289,2700551,10.7,10.7015198
,Nevada,32,2011,2011,272,2723322,10,9.987801663
,Nevada,32,2012,2012,274,2758931,9.9,9.931382844
,Nevada,32,2013,2013,292,2790136,10.5,10.46543968
,Nevada,32,2014,2014,309,2839099,10.9,10.88373459
,Nevada,32,2015,2015,293,2890845,10.1,10.13544483
,Nevada,32,2016,2016,334,2940058,11.4,11.3603201
,Nevada,32,2017,2017,329,2998039,11,10.9738399
,Nevada,32,2018,2018,367,3034392,12.1,12.09467992
Total,Nevada,32,,,5592,51369778,10.9,10.88577802
,New Hampshire,33,1999,1999,64,1222014,5.2,5.237255874
,New Hampshire,33,2000,2000,67,1235786,5.4,5.421650674
,New Hampshire,33,2001,2001,79,1255517,6.3,6.29222862
,New Hampshire,33,2002,2002,66,1269089,5.2,5.200580889
,New Hampshire,33,2003,2003,75,1279840,5.9,5.860107513
,New Hampshire,33,2004,2004,57,1290121,4.4,4.418190232
,New Hampshire,33,2005,2005,79,1298492,6.1,6.083980494
,New Hampshire,33,2006,2006,69,1308389,5.3,5.273660968
,New Hampshire,33,2007,2007,71,1312540,5.4,5.409358953
,New Hampshire,33,2008,2008,85,1315906,6.5,6.459427953
,New Hampshire,33,2009,2009,82,1316102,6.2,6.230520127
,New Hampshire,33,2010,2010,102,1316470,7.7,7.747992738
,New Hampshire,33,2011,2011,75,1318194,5.7,5.689602593
,New Hampshire,33,2012,2012,98,1320718,7.4,7.420206282
,New Hampshire,33,2013,2013,81,1323459,6.1,6.120325601
,New Hampshire,33,2014,2014,110,1326813,8.3,8.290542827
,New Hampshire,33,2015,2015,107,1330608,8,8.041436697
,New Hampshire,33,2016,2016,123,1334795,9.2,9.214898168
,New Hampshire,33,2017,2017,132,1342795,9.8,9.830242144
,New Hampshire,33,2018,2018,135,1356458,10,9.952390712
Total,New Hampshire,33,,,1757,26074106,6.7,6.738486067
,New Jersey,34,1999,1999,195,8359592,2.3,2.332649727
,New Jersey,34,2000,2000,154,8414350,1.8,1.83020673
,New Jersey,34,2001,2001,167,8492671,2,1.966401383
,New Jersey,34,2002,2002,176,8552643,2.1,2.057843406
,New Jersey,34,2003,2003,183,8601402,2.1,2.127560135
,New Jersey,34,2004,2004,185,8634561,2.1,2.14255247
,New Jersey,34,2005,2005,136,8651974,1.6,1.571895616
,New Jersey,34,2006,2006,173,8661679,2,1.997303294
,New Jersey,34,2007,2007,165,8677885,1.9,1.901384957
,New Jersey,34,2008,2008,175,8711090,2,2.00893344
,New Jersey,34,2009,2009,173,8755602,2,1.975877844
,New Jersey,34,2010,2010,187,8791894,2.1,2.126959219
,New Jersey,34,2011,2011,181,8821155,2.1,2.051885496
,New Jersey,34,2012,2012,160,8864590,1.8,1.804934013
,New Jersey,34,2013,2013,194,8899339,2.2,2.179937184
,New Jersey,34,2014,2014,194,8938175,2.2,2.170465447
,New Jersey,34,2015,2015,189,8958013,2.1,2.109842886
,New Jersey,34,2016,2016,176,8944469,2,1.967696461
,New Jersey,34,2017,2017,204,9005644,2.3,2.265246106
,New Jersey,34,2018,2018,193,8908520,2.2,2.166465361
Total,New Jersey,34,,,3560,174645248,2,2.038417902
,New Mexico,35,1999,1999,180,1808082,10,9.9553007
,New Mexico,35,2000,2000,175,1819046,9.6,9.620427411
,New Mexico,35,2001,2001,188,1831690,10.3,10.2637455
,New Mexico,35,2002,2002,211,1855309,11.4,11.37276863
,New Mexico,35,2003,2003,211,1877574,11.2,11.23790594
,New Mexico,35,2004,2004,196,1903808,10.3,10.29515581
,New Mexico,35,2005,2005,178,1932274,9.2,9.211944062
,New Mexico,35,2006,2006,193,1962137,9.8,9.836214291
,New Mexico,35,2007,2007,189,1990070,9.5,9.497153366
,New Mexico,35,2008,2008,195,2010662,9.7,9.698298371
,New Mexico,35,2009,2009,192,2036802,9.4,9.426542197
,New Mexico,35,2010,2010,204,2059179,9.9,9.906860938
,New Mexico,35,2011,2011,221,2082224,10.6,10.61365156
,New Mexico,35,2012,2012,230,2085538,11,11.02832938
,New Mexico,35,2013,2013,222,2085287,10.6,10.64601659
,New Mexico,35,2014,2014,244,2085572,11.7,11.69942826
,New Mexico,35,2015,2015,275,2085109,13.2,13.18875896
,New Mexico,35,2016,2016,243,2081015,11.7,11.67699416
,New Mexico,35,2017,2017,261,2088070,12.5,12.49958095
,New Mexico,35,2018,2018,281,2095428,13.4,13.41014819
Total,New Mexico,35,,,4289,39774876,10.8,10.78318887
,New York,36,1999,1999,439,18882725,2.3,2.324876309
,New York,36,2000,2000,450,18976457,2.4,2.371359417
,New York,36,2001,2001,453,19082838,2.4,2.373860743
,New York,36,2002,2002,411,19137800,2.1,2.147582272
,New York,36,2003,2003,412,19175939,2.1,2.148525817
,New York,36,2004,2004,401,19171567,2.1,2.091639145
,New York,36,2005,2005,456,19132610,2.4,2.383365364
,New York,36,2006,2006,412,19104631,2.2,2.156545185
,New York,36,2007,2007,441,19132335,2.3,2.304998318
,New York,36,2008,2008,429,19212436,2.2,2.232928713
,New York,36,2009,2009,422,19307066,2.2,2.185728272
,New York,36,2010,2010,459,19378102,2.4,2.368653029
,New York,36,2011,2011,505,19465197,2.6,2.594373949
,New York,36,2012,2012,516,19570261,2.6,2.636653645
,New York,36,2013,2013,465,19651127,2.4,2.366276499
,New York,36,2014,2014,474,19746227,2.4,2.400458579
,New York,36,2015,2015,421,19795791,2.1,2.126714714
,New York,36,2016,2016,490,19745289,2.5,2.481604599
,New York,36,2017,2017,433,19849399,2.2,2.181426249
,New York,36,2018,2018,445,19542209,2.3,2.277122305
Total,New York,36,,,8934,387060006,2.3,2.30816924
,North Carolina,37,1999,1999,567,7949361,7.1,7.132648775
,North Carolina,37,2000,2000,621,8049313,7.7,7.71494412
,North Carolina,37,2001,2001,632,8210122,7.7,7.697814965
,North Carolina,37,2002,2002,630,8326201,7.6,7.566475995
,North Carolina,37,2003,2003,619,8422501,7.3,7.349360956
,North Carolina,37,2004,2004,608,8553152,7.1,7.108490531
,North Carolina,37,2005,2005,632,8705407,7.3,7.259855857
,North Carolina,37,2006,2006,660,8917270,7.4,7.401368356
,North Carolina,37,2007,2007,607,9118037,6.7,6.657134644
,North Carolina,37,2008,2008,669,9309449,7.2,7.186247006
,North Carolina,37,2009,2009,678,9449566,7.2,7.17493269
,North Carolina,37,2010,2010,707,9535483,7.4,7.414412044
,North Carolina,37,2011,2011,728,9656401,7.5,7.539040684
,North Carolina,37,2012,2012,709,9752073,7.3,7.270249105
,North Carolina,37,2013,2013,771,9848060,7.8,7.828953114
,North Carolina,37,2014,2014,760,9943964,7.6,7.642827347
,North Carolina,37,2015,2015,787,10042802,7.8,7.836458391
,North Carolina,37,2016,2016,788,10146788,7.8,7.766004375
,North Carolina,37,2017,2017,840,10273419,8.2,8.176440579
,North Carolina,37,2018,2018,873,10383620,8.4,8.407472538
Total,North Carolina,37,,,13886,184592989,7.5,7.522495884
,North Dakota,38,1999,1999,39,644259,6.1,6.053466075
,North Dakota,38,2000,2000,35,642200,5.5,5.450015571
,North Dakota,38,2001,2001,41,639062,6.4,6.415652941
,North Dakota,38,2002,2002,53,638168,8.3,8.305023129
,North Dakota,38,2003,2003,41,638817,6.4,6.418113482
,North Dakota,38,2004,2004,41,644705,6.4,6.359497755
,North Dakota,38,2005,2005,56,646089,8.7,8.667536516
,North Dakota,38,2006,2006,41,649422,6.3,6.313306294
,North Dakota,38,2007,2007,49,652822,7.5,7.505874496
,North Dakota,38,2008,2008,55,657569,8.4,8.364141254
,North Dakota,38,2009,2009,50,664968,7.5,7.519158817
,North Dakota,38,2010,2010,56,672591,8.3,8.326010904
,North Dakota,38,2011,2011,51,683932,7.5,7.456881678
,North Dakota,38,2012,2012,63,699628,9,9.0047854
,North Dakota,38,2013,2013,76,723393,10.5,10.50604581
,North Dakota,38,2014,2014,85,739482,11.5,11.49453266
,North Dakota,38,2015,2015,76,756927,10,10.04059837
,North Dakota,38,2016,2016,75,757952,9.9,9.895085705
,North Dakota,38,2017,2017,93,755393,12.3,12.31147231
,North Dakota,38,2018,2018,75,760077,9.9,9.867421327
Total,North Dakota,38,,,1151,13667456,8.4,8.421464829
,Ohio,39,1999,1999,626,11335454,5.5,5.522496055
,Ohio,39,2000,2000,584,11353140,5.1,5.143951365
,Ohio,39,2001,2001,671,11387404,5.9,5.892475581
,Ohio,39,2002,2002,675,11407889,5.9,5.916957993
,Ohio,39,2003,2003,572,11434788,5,5.00227901
,Ohio,39,2004,2004,657,11452251,5.7,5.736863434
,Ohio,39,2005,2005,668,11463320,5.8,5.827282149
,Ohio,39,2006,2006,626,11481213,5.5,5.452385562
,Ohio,39,2007,2007,659,11500468,5.7,5.730201588
,Ohio,39,2008,2008,684,11515391,5.9,5.939876466
,Ohio,39,2009,2009,590,11528896,5.1,5.117575872
,Ohio,39,2010,2010,724,11536504,6.3,6.275731365
,Ohio,39,2011,2011,726,11544951,6.3,6.288463243
,Ohio,39,2012,2012,784,11544225,6.8,6.791274425
,Ohio,39,2013,2013,800,11570808,6.9,6.91395104
,Ohio,39,2014,2014,744,11594163,6.4,6.417022083
,Ohio,39,2015,2015,861,11613423,7.4,7.413834836
,Ohio,39,2016,2016,926,11614373,8,7.97287981
,Ohio,39,2017,2017,918,11658609,7.9,7.87400967
,Ohio,39,2018,2018,962,11689442,8.2,8.229648601
Total,Ohio,39,,,14457,230226712,6.3,6.27946248
,Oklahoma,40,1999,1999,317,3437147,9.2,9.222765276
,Oklahoma,40,2000,2000,301,3450654,8.7,8.722984107
,Oklahoma,40,2001,2001,332,3467100,9.6,9.575726111
,Oklahoma,40,2002,2002,312,3489080,8.9,8.942185333
,Oklahoma,40,2003,2003,281,3504892,8,8.017365442
,Oklahoma,40,2004,2004,312,3525233,8.9,8.850478819
,Oklahoma,40,2005,2005,302,3548597,8.5,8.510405662
,Oklahoma,40,2006,2006,314,3594090,8.7,8.736564749
,Oklahoma,40,2007,2007,315,3634349,8.7,8.667301902
,Oklahoma,40,2008,2008,346,3668976,9.4,9.430424184
,Oklahoma,40,2009,2009,363,3717572,9.8,9.764437649
,Oklahoma,40,2010,2010,376,3751351,10,10.02305569
,Oklahoma,40,2011,2011,440,3791508,11.6,11.60488122
,Oklahoma,40,2012,2012,411,3814820,10.8,10.77377176
,Oklahoma,40,2013,2013,433,3850568,11.2,11.24509423
,Oklahoma,40,2014,2014,435,3878051,11.2,11.21697471
,Oklahoma,40,2015,2015,468,3911338,12,11.96521497
,Oklahoma,40,2016,2016,517,3923561,13.2,13.17680546
,Oklahoma,40,2017,2017,439,3930864,11.2,11.1680282
,Oklahoma,40,2018,2018,465,3943079,11.8,11.7928147
Total,Oklahoma,40,,,7479,73832830,10.1,10.12964016
,Oregon,41,1999,1999,309,3393941,9.1,9.104459977
,Oregon,41,2000,2000,302,3421399,8.8,8.826798628
,Oregon,41,2001,2001,280,3467937,8.1,8.073964435
,Oregon,41,2002,2002,291,3513424,8.3,8.282518705
,Oregon,41,2003,2003,331,3547376,9.3,9.330840599
,Oregon,41,2004,2004,299,3569463,8.4,8.376610151
,Oregon,41,2005,2005,319,3613202,8.8,8.828734181
,Oregon,41,2006,2006,307,3670883,8.4,8.363110456
,Oregon,41,2007,2007,327,3722417,8.8,8.784614942
,Oregon,41,2008,2008,319,3768748,8.5,8.464349434
,Oregon,41,2009,2009,345,3808600,9.1,9.058446673
,Oregon,41,2010,2010,376,3831074,9.8,9.814480221
,Oregon,41,2011,2011,343,3871859,8.9,8.85879367
,Oregon,41,2012,2012,367,3899353,9.4,9.411817807
,Oregon,41,2013,2013,389,3930065,9.9,9.898055121
,Oregon,41,2014,2014,422,3970239,10.6,10.62908304
,Oregon,41,2015,2015,373,4028977,9.3,9.257933217
,Oregon,41,2016,2016,414,4093465,10.1,10.1136812
,Oregon,41,2017,2017,439,4142776,10.6,10.59675927
,Oregon,41,2018,2018,427,4190713,10.2,10.18919692
Total,Oregon,41,,,6979,75455911,9.2,9.249109722
,Pennsylvania,42,1999,1999,709,12263805,5.8,5.781239999
,Pennsylvania,42,2000,2000,756,12281054,6.2,6.155823433
,Pennsylvania,42,2001,2001,684,12298970,5.6,5.561441324
,Pennsylvania,42,2002,2002,720,12331031,5.8,5.838927824
,Pennsylvania,42,2003,2003,724,12374658,5.9,5.850666742
,Pennsylvania,42,2004,2004,722,12410722,5.8,5.817550341
,Pennsylvania,42,2005,2005,768,12449990,6.2,6.168679654
,Pennsylvania,42,2006,2006,734,12510809,5.9,5.866926751
,Pennsylvania,42,2007,2007,719,12563937,5.7,5.722728473
,Pennsylvania,42,2008,2008,770,12612285,6.1,6.105158581
,Pennsylvania,42,2009,2009,825,12666858,6.5,6.513059513
,Pennsylvania,42,2010,2010,762,12702379,6,5.998876273
,Pennsylvania,42,2011,2011,883,12742886,6.9,6.929356505
,Pennsylvania,42,2012,2012,819,12763536,6.4,6.416717123
,Pennsylvania,42,2013,2013,918,12773801,7.2,7.186584479
,Pennsylvania,42,2014,2014,897,12787209,7,7.01482239
,Pennsylvania,42,2015,2015,932,12802503,7.3,7.279826453
,Pennsylvania,42,2016,2016,976,12784227,7.6,7.634407618
,Pennsylvania,42,2017,2017,993,12805537,7.8,7.754458091
,Pennsylvania,42,2018,2018,1025,12807060,8,8.003398126
Total,Pennsylvania,42,,,16336,251733257,6.5,6.489408747
,Rhode Island,44,1999,1999,35,1040402,3.4,3.364084267
,Rhode Island,44,2000,2000,27,1048319,2.6,2.575551907
,Rhode Island,44,2001,2001,25,1057142,2.4,2.364866782
,Rhode Island,44,2002,2002,30,1065995,2.8,2.814272112
,Rhode Island,44,2003,2003,12,1071342,Unreliable,1.120090503
,Rhode Island,44,2004,2004,22,1074579,2,2.047313413
,Rhode Island,44,2005,2005,19,1067916,Unreliable,1.779166152
,Rhode Island,44,2006,2006,27,1063096,2.5,2.539751819
,Rhode Island,44,2007,2007,24,1057315,2.3,2.269900645
,Rhode Island,44,2008,2008,23,1055003,2.2,2.180088587
,Rhode Island,44,2009,2009,40,1053646,3.8,3.796341466
,Rhode Island,44,2010,2010,30,1052567,2.9,2.850174858
,Rhode Island,44,2011,2011,20,1051302,1.9,1.902402925
,Rhode Island,44,2012,2012,26,1050292,2.5,2.475502051
,Rhode Island,44,2013,2013,34,1051511,3.2,3.233442161
,Rhode Island,44,2014,2014,20,1055173,1.9,1.895423784
,Rhode Island,44,2015,2015,40,1056298,3.8,3.786810162
,Rhode Island,44,2016,2016,35,1056426,3.3,3.313057422
,Rhode Island,44,2017,2017,33,1059639,3.1,3.114268161
,Rhode Island,44,2018,2018,23,1057315,2.2,2.175321451
Total,Rhode Island,44,,,545,21145278,2.6,2.57740759
,South Carolina,45,1999,1999,287,3974682,7.2,7.220703442
,South Carolina,45,2000,2000,297,4012012,7.4,7.402769483
,South Carolina,45,2001,2001,311,4064995,7.7,7.650685917
,South Carolina,45,2002,2002,304,4107795,7.4,7.40056405
,South Carolina,45,2003,2003,328,4150297,7.9,7.903048866
,South Carolina,45,2004,2004,328,4210921,7.8,7.789269853
,South Carolina,45,2005,2005,314,4270150,7.4,7.353371661
,South Carolina,45,2006,2006,315,4357847,7.2,7.22834005
,South Carolina,45,2007,2007,311,4444110,7,6.998026602
,South Carolina,45,2008,2008,343,4528996,7.6,7.573422454
,South Carolina,45,2009,2009,377,4589872,8.2,8.213736679
,South Carolina,45,2010,2010,392,4625364,8.5,8.47500867
,South Carolina,45,2011,2011,426,4679230,9.1,9.104061993
,South Carolina,45,2012,2012,433,4723723,9.2,9.166498544
,South Carolina,45,2013,2013,470,4774839,9.8,9.843263825
,South Carolina,45,2014,2014,479,4832482,9.9,9.912090723
,South Carolina,45,2015,2015,469,4896146,9.6,9.578962719
,South Carolina,45,2016,2016,525,4961119,10.6,10.58229
,South Carolina,45,2017,2017,531,5024369,10.6,10.56849129
,South Carolina,45,2018,2018,493,5084127,9.7,9.696846676
Total,South Carolina,45,,,7733,90313076,8.6,8.56243674
,South Dakota,46,1999,1999,56,750412,7.5,7.46256723
,South Dakota,46,2000,2000,51,754844,6.8,6.756362904
,South Dakota,46,2001,2001,43,757972,5.7,5.673032777
,South Dakota,46,2002,2002,50,760020,6.6,6.578774243
,South Dakota,46,2003,2003,60,763729,7.9,7.856189826
,South Dakota,46,2004,2004,61,770396,7.9,7.918005805
,South Dakota,46,2005,2005,71,775493,9.2,9.155466265
,South Dakota,46,2006,2006,71,783033,9.1,9.067306231
,South Dakota,46,2007,2007,44,791623,5.6,5.558201316
,South Dakota,46,2008,2008,68,799124,8.5,8.509317703
,South Dakota,46,2009,2009,61,807067,7.6,7.558232464
,South Dakota,46,2010,2010,65,814180,8,7.983492594
,South Dakota,46,2011,2011,60,824082,7.3,7.28082885
,South Dakota,46,2012,2012,76,833354,9.1,9.11977383
,South Dakota,46,2013,2013,71,844877,8.4,8.403590108
,South Dakota,46,2014,2014,76,853175,8.9,8.907902834
,South Dakota,46,2015,2015,73,858469,8.5,8.503510319
,South Dakota,46,2016,2016,84,865454,9.7,9.70588847
,South Dakota,46,2017,2017,83,869666,9.5,9.543893863
,South Dakota,46,2018,2018,91,882235,10.3,10.31471207
Total,South Dakota,46,,,1315,16159205,8.1,8.13777658
,Tennessee,47,1999,1999,497,5638706,8.8,8.814078975
,Tennessee,47,2000,2000,501,5689283,8.8,8.806030567
,Tennessee,47,2001,2001,480,5750789,8.3,8.346680777
,Tennessee,47,2002,2002,521,5795918,9,8.989085077
,Tennessee,47,2003,2003,493,5847812,8.4,8.43050358
,Tennessee,47,2004,2004,526,5910809,8.9,8.898951057
,Tennessee,47,2005,2005,552,5991057,9.2,9.213733069
,Tennessee,47,2006,2006,569,6088766,9.3,9.345079118
,Tennessee,47,2007,2007,545,6175727,8.8,8.824871954
,Tennessee,47,2008,2008,609,6247411,9.7,9.748038027
,Tennessee,47,2009,2009,574,6306019,9.1,9.102414693
,Tennessee,47,2010,2010,585,6346105,9.2,9.218252771
,Tennessee,47,2011,2011,591,6403353,9.2,9.229539587
,Tennessee,47,2012,2012,626,6456243,9.7,9.69604149
,Tennessee,47,2013,2013,676,6495978,10.4,10.40643918
,Tennessee,47,2014,2014,644,6549352,9.8,9.833033864
,Tennessee,47,2015,2015,638,6600299,9.7,9.666228757
,Tennessee,47,2016,2016,675,6651194,10.1,10.14855378
,Tennessee,47,2017,2017,711,6715984,10.6,10.58668395
,Tennessee,47,2018,2018,690,6770010,10.2,10.19200858
Total,Tennessee,47,,,11703,124430815,9.4,9.405226511
,Texas,48,1999,1999,1224,20558220,6,5.95382285
,Texas,48,2000,2000,1269,20851820,6.1,6.085799705
,Texas,48,2001,2001,1377,21319622,6.5,6.458838717
,Texas,48,2002,2002,1315,21690325,6.1,6.062610865
,Texas,48,2003,2003,1350,22030931,6.1,6.127748301
,Texas,48,2004,2004,1318,22394023,5.9,5.885499001
,Texas,48,2005,2005,1381,22778123,6.1,6.06283494
,Texas,48,2006,2006,1311,23359580,5.6,5.61225844
,Texas,48,2007,2007,1411,23831983,5.9,5.920615167
,Texas,48,2008,2008,1506,24309039,6.2,6.195226393
,Texas,48,2009,2009,1583,24801761,6.4,6.382611299
,Texas,48,2010,2010,1702,25145561,6.8,6.768590289
,Texas,48,2011,2011,1684,25674681,6.6,6.558990937
,Texas,48,2012,2012,1744,26059203,6.7,6.692453334
,Texas,48,2013,2013,1780,26448193,6.7,6.730138426
,Texas,48,2014,2014,1789,26956958,6.6,6.636505499
,Texas,48,2015,2015,1994,27469114,7.3,7.259061941
,Texas,48,2016,2016,2016,27862596,7.2,7.235506699
,Texas,48,2017,2017,2158,28304596,7.6,7.624203504
,Texas,48,2018,2018,2263,28701845,7.9,7.88451056
Total,Texas,48,,,32175,490548174,6.6,6.558988843
,Utah,49,1999,1999,153,2203482,6.9,6.9435557
,Utah,49,2000,2000,174,2233169,7.8,7.7916181
,Utah,49,2001,2001,182,2283715,8,7.969470796
,Utah,49,2002,2002,174,2324815,7.5,7.484466506
,Utah,49,2003,2003,181,2360137,7.7,7.669046331
,Utah,49,2004,2004,183,2401580,7.6,7.619983511
,Utah,49,2005,2005,190,2457719,7.7,7.73074546
,Utah,49,2006,2006,189,2525507,7.5,7.483645858
,Utah,49,2007,2007,197,2597746,7.6,7.583497386
,Utah,49,2008,2008,196,2663029,7.4,7.360040015
,Utah,49,2009,2009,217,2723421,8,7.96791976
,Utah,49,2010,2010,275,2763885,9.9,9.949762743
,Utah,49,2011,2011,268,2817222,9.5,9.512917335
,Utah,49,2012,2012,283,2855287,9.9,9.911437975
,Utah,49,2013,2013,295,2900872,10.2,10.16935597
,Utah,49,2014,2014,278,2942902,9.4,9.446457952
,Utah,49,2015,2015,313,2995919,10.4,10.44754548
,Utah,49,2016,2016,309,3051217,10.1,10.12710666
,Utah,49,2017,2017,344,3101833,11.1,11.09021666
,Utah,49,2018,2018,339,3161105,10.7,10.72409806
Total,Utah,49,,,4740,53364562,8.9,8.882299081
,Vermont,50,1999,1999,46,604683,7.6,7.607291755
,Vermont,50,2000,2000,47,608827,7.7,7.719762757
,Vermont,50,2001,2001,42,612223,6.9,6.860245368
,Vermont,50,2002,2002,54,615442,8.8,8.774181808
,Vermont,50,2003,2003,38,617858,6.2,6.150280485
,Vermont,50,2004,2004,56,619920,9,9.033423668
,Vermont,50,2005,2005,36,621215,5.8,5.795095096
,Vermont,50,2006,2006,43,622892,6.9,6.903283394
,Vermont,50,2007,2007,43,623481,6.9,6.89676189
,Vermont,50,2008,2008,44,624151,7,7.049576144
,Vermont,50,2009,2009,59,624817,9.4,9.442764842
,Vermont,50,2010,2010,66,625741,10.5,10.54749489
,Vermont,50,2011,2011,70,626431,11.2,11.17441506
,Vermont,50,2012,2012,50,626011,8,7.987080099
,Vermont,50,2013,2013,59,626630,9.4,9.415444521
,Vermont,50,2014,2014,59,626562,9.4,9.416466367
,Vermont,50,2015,2015,59,626042,9.4,9.424287827
,Vermont,50,2016,2016,69,624594,11,11.04717625
,Vermont,50,2017,2017,62,623657,9.9,9.941361999
,Vermont,50,2018,2018,70,626299,11.2,11.1767702
Total,Vermont,50,,,1072,12427476,8.6,8.626047638
,Virginia,51,1999,1999,503,7000174,7.2,7.185535674
,Virginia,51,2000,2000,484,7078515,6.8,6.837592348
,Virginia,51,2001,2001,467,7198362,6.5,6.487587037
,Virginia,51,2002,2002,491,7286873,6.7,6.738144057
,Virginia,51,2003,2003,452,7366977,6.1,6.135488138
,Virginia,51,2004,2004,494,7475575,6.6,6.60818733
,Virginia,51,2005,2005,511,7577105,6.7,6.744000512
,Virginia,51,2006,2006,499,7673725,6.5,6.502708919
,Virginia,51,2007,2007,487,7751000,6.3,6.28306025
,Virginia,51,2008,2008,524,7833496,6.7,6.689222794
,Virginia,51,2009,2009,527,7925937,6.6,6.649056131
,Virginia,51,2010,2010,576,8001024,7.2,7.199078518
,Virginia,51,2011,2011,604,8096604,7.5,7.459917763
,Virginia,51,2012,2012,587,8185867,7.2,7.170895887
,Virginia,51,2013,2013,601,8260405,7.3,7.275672319
,Virginia,51,2014,2014,626,8326289,7.5,7.518355416
,Virginia,51,2015,2015,630,8382993,7.5,7.515215628
,Virginia,51,2016,2016,671,8411808,8,7.976882021
,Virginia,51,2017,2017,672,8470020,7.9,7.933865563
,Virginia,51,2018,2018,679,8517685,8,7.971649574
Total,Virginia,51,,,11085,156820434,7.1,7.068594135
,Washington,53,1999,1999,450,5842564,7.7,7.702097915
,Washington,53,2000,2000,390,5894121,6.6,6.616762703
,Washington,53,2001,2001,391,5985722,6.5,6.532211152
,Washington,53,2002,2002,437,6052349,7.2,7.220337096
,Washington,53,2003,2003,436,6104115,7.1,7.142722573
,Washington,53,2004,2004,423,6178645,6.8,6.846161254
,Washington,53,2005,2005,398,6257305,6.4,6.360565771
,Washington,53,2006,2006,397,6370753,6.2,6.23160245
,Washington,53,2007,2007,413,6461587,6.4,6.391618653
,Washington,53,2008,2008,439,6562231,6.7,6.689798028
,Washington,53,2009,2009,470,6667426,7,7.049197096
,Washington,53,2010,2010,464,6724540,6.9,6.90010023
,Washington,53,2011,2011,495,6830038,7.2,7.247397452
,Washington,53,2012,2012,529,6897012,7.7,7.669988105
,Washington,53,2013,2013,483,6971406,6.9,6.92830112
,Washington,53,2014,2014,551,7061530,7.8,7.802841594
,Washington,53,2015,2015,537,7170351,7.5,7.489173124
,Washington,53,2016,2016,515,7288000,7.1,7.066410538
,Washington,53,2017,2017,639,7405743,8.6,8.628438767
,Washington,53,2018,2018,599,7535591,7.9,7.948945212
Total,Washington,53,,,9456,132261029,7.1,7.149498285
,West Virginia,54,1999,1999,169,1811799,9.3,9.327745517
,West Virginia,54,2000,2000,173,1808344,9.6,9.566763846
,West Virginia,54,2001,2001,195,1801481,10.8,10.82442724
,West Virginia,54,2002,2002,188,1805414,10.4,10.41312408
,West Virginia,54,2003,2003,191,1812295,10.5,10.53912305
,West Virginia,54,2004,2004,192,1816438,10.6,10.57013782
,West Virginia,54,2005,2005,188,1820492,10.3,10.32687867
,West Virginia,54,2006,2006,179,1827912,9.8,9.792593954
,West Virginia,54,2007,2007,205,1834052,11.2,11.17743663
,West Virginia,54,2008,2008,172,1840310,9.3,9.346251447
,West Virginia,54,2009,2009,178,1847775,9.6,9.633207506
,West Virginia,54,2010,2010,210,1852994,11.3,11.33301025
,West Virginia,54,2011,2011,200,1855364,10.8,10.77955593
,West Virginia,54,2012,2012,198,1855413,10.7,10.67147853
,West Virginia,54,2013,2013,225,1854304,12.1,12.13393273
,West Virginia,54,2014,2014,217,1850326,11.7,11.72766313
,West Virginia,54,2015,2015,215,1844128,11.7,11.65862673
,West Virginia,54,2016,2016,238,1831102,13,12.99763749
,West Virginia,54,2017,2017,267,1815857,14.7,14.70380102
,West Virginia,54,2018,2018,257,1805832,14.2,14.23166718
Total,West Virginia,54,,,4057,36591632,11.1,11.08723437
,Wisconsin,55,1999,1999,299,5332666,5.6,5.60695157
,Wisconsin,55,2000,2000,304,5363675,5.7,5.667755783
,Wisconsin,55,2001,2001,317,5406835,5.9,5.862949396
,Wisconsin,55,2002,2002,308,5445162,5.7,5.656397367
,Wisconsin,55,2003,2003,310,5479203,5.7,5.657757159
,Wisconsin,55,2004,2004,308,5514026,5.6,5.585755308
,Wisconsin,55,2005,2005,302,5546166,5.4,5.445203047
,Wisconsin,55,2006,2006,299,5577655,5.4,5.360675768
,Wisconsin,55,2007,2007,338,5610775,6,6.024123227
,Wisconsin,55,2008,2008,344,5640996,6.1,6.098213862
,Wisconsin,55,2009,2009,345,5669264,6.1,6.085446012
,Wisconsin,55,2010,2010,378,5686986,6.6,6.646754537
,Wisconsin,55,2011,2011,351,5711767,6.1,6.145208654
,Wisconsin,55,2012,2012,348,5726398,6.1,6.077118635
,Wisconsin,55,2013,2013,437,5742713,7.6,7.609643735
,Wisconsin,55,2014,2014,352,5757564,6.1,6.113696695
,Wisconsin,55,2015,2015,424,5771337,7.3,7.346651218
,Wisconsin,55,2016,2016,455,5778708,7.9,7.873732329
,Wisconsin,55,2017,2017,435,5795483,7.5,7.505845501
,Wisconsin,55,2018,2018,420,5813568,7.2,7.224479012
Total,Wisconsin,55,,,7074,112370947,6.3,6.295221486
,Wyoming,56,1999,1999,63,491780,12.8,12.81060637
,Wyoming,56,2000,2000,50,493782,10.1,10.12592602
,Wyoming,56,2001,2001,61,494657,12.3,12.33177737
,Wyoming,56,2002,2002,82,500017,16.4,16.39944242
,Wyoming,56,2003,2003,75,503453,14.9,14.89712049
,Wyoming,56,2004,2004,48,509106,9.4,9.428291947
,Wyoming,56,2005,2005,56,514157,10.9,10.89161482
,Wyoming,56,2006,2006,72,522667,13.8,13.77550142
,Wyoming,56,2007,2007,67,534876,12.5,12.52626777
,Wyoming,56,2008,2008,87,546043,15.9,15.93281115
,Wyoming,56,2009,2009,82,559851,14.6,14.64675423
,Wyoming,56,2010,2010,83,563626,14.7,14.72607722
,Wyoming,56,2011,2011,84,568158,14.8,14.78461977
,Wyoming,56,2012,2012,102,576412,17.7,17.69567601
,Wyoming,56,2013,2013,89,582658,15.3,15.27482674
,Wyoming,56,2014,2014,78,584153,13.4,13.35266617
,Wyoming,56,2015,2015,95,586107,16.2,16.2086445
,Wyoming,56,2016,2016,87,585501,14.9,14.85906941
,Wyoming,56,2017,2017,99,579315,17.1,17.08914839
,Wyoming,56,2018,2018,108,577737,18.7,18.69362703
Total,Wyoming,56,,,1568,10874056,14.4,14.4196425
Total,,,,,384865,6088633001,6.3,6.321041192
---,,,,,,,,