"","X","per","ts_pct","usg_pct","bpm","vorp","age","win_pct","g","pts_per_g","trb_per_g","ast_per_g","stl_per_g","blk_per_g","fg_pct","fg3_pct","ft_pct","ws","ws_per_48"
"1",0,25.1,0.572,28.4,8,7.2,30,0.75609756097561,82,24.6,8,4.4,2.1,1.8,0.521,0.222,0.787,13.8,0.231
"2",1,19.9,0.528,24.3,5.1,5.8,24,0.75609756097561,82,21.2,10.9,5.5,2,0.8,0.478,0.27,0.863,10.8,0.16
"3",2,25.5,0.616,26.3,5.3,5.4,33,0.658536585365854,80,26.2,10.3,3.4,0.7,2.9,0.574,0,0.766,14.3,0.23
"4",3,25.1,0.585,27.6,3.7,4.7,25,0.48780487804878,80,27.8,14.8,1.8,1,1.9,0.522,0.333,0.757,13.7,0.202
"5",4,22.9,0.555,32.3,1.6,2.5,28,0.634146341463415,82,27.1,5.1,3.2,1.1,0.7,0.492,0.257,0.826,10.5,0.182
"6",5,22,0.583,23.3,5.9,5.1,24,0.731707317073171,76,20.3,6.8,4.6,1.5,0.5,0.552,0,0.706,11.2,0.211
"7",6,25.2,0.579,27.1,5,4,27,0.75609756097561,82,18.9,9.5,1.8,1,2.6,0.545,0,0.71,10.9,0.228
"8",7,17,0.516,24.6,2,2.6,26,0.695121951219512,79,18.8,4.6,3.7,1.7,0.8,0.436,0.216,0.82,8.4,0.154
"9",8,14.3,0.582,17.5,-1.3,0.5,32,0.75609756097561,80,13.8,2.2,7.7,0.9,0.2,0.499,0,0.816,6.9,0.118
"10",9,18,0.556,24.5,0.8,2.2,27,0.658536585365854,81,22.6,5.4,2.9,1.5,0.4,0.526,0.077,0.758,8.5,0.135
"11",10,25.7,0.582,24.3,9.2,3.9,21,0.658536585365854,37,21.6,8.6,8.6,3.4,0.7,0.532,0.176,0.76,6.4,0.225
"12",11,24.3,0.622,28.4,4.6,5.7,24,0.341463414634146,80,30.7,6.4,4,1.4,0.2,0.559,0.286,0.806,13.6,0.191
"13",12,17.3,0.553,23.3,-1.1,0.5,24,0.48780487804878,66,17.5,1.9,8.8,1.5,0.1,0.478,0.306,0.831,5.2,0.11
"14",13,19.9,0.617,23.2,3.3,3.9,24,0.475609756097561,81,21.9,6.8,3.5,0.9,0.4,0.588,0.333,0.703,9.1,0.15
"15",14,14.9,0.484,24.3,-2.8,-0.5,22,0.548780487804878,80,15.2,2.4,6.9,1.1,0.1,0.452,0.097,0.749,2.8,0.056
"16",15,18,0.512,23.6,1.5,2.6,25,0.414634146341463,82,18.7,10.4,3,1,1.1,0.454,0,0.823,8,0.132
"17",16,20.3,0.58,26.8,2.4,2.8,25,0.48780487804878,71,24.6,3.6,3.3,1.3,0.3,0.544,0.286,0.697,8.2,0.152
"18",17,17.1,0.511,20,4.5,5.2,25,0.609756097560976,79,16.4,6.9,7.9,2.9,0.4,0.469,0.225,0.663,6.9,0.104
"19",18,14.9,0.531,21.5,0,1.5,29,0.695121951219512,82,18.8,9.6,2.5,0.8,0.5,0.505,0,0.629,7.6,0.119
"20",19,18.4,0.578,23.1,2.1,3,23,0.548780487804878,82,18.9,3.5,5.2,1.5,0.2,0.495,0.2,0.809,9.2,0.156
"21",20,15.5,0.511,21.8,-1.2,0.6,25,0.658536585365854,79,17.1,2.9,8.8,1.8,0.1,0.476,0.167,0.778,5.5,0.089
"22",21,21.7,0.699,18.5,4.9,4.9,31,0.548780487804878,82,17.9,10.1,2.1,0.6,2.4,0.67,0,0.705,12.3,0.208
"23",22,19.7,0.573,21.8,3.4,2.4,32,0.731707317073171,67,14.3,6.2,2.7,1.1,1.2,0.525,1,0.751,6.8,0.185
"24",23,12.2,0.53,13.5,1.5,2.3,24,0.658536585365854,81,9.4,4.1,4.1,1.6,1,0.491,0.211,0.785,5,0.092
"25",24,18.4,0.579,25.6,0.9,1.6,26,0.695121951219512,78,18,2.6,3.9,1.2,0.2,0.539,0.412,0.836,7.1,0.157
"26",25,13.5,0.517,10.4,3.2,2.5,32,0.634146341463415,82,5,7.3,1.1,0.6,3.4,0.473,0,0.734,4.5,0.112
"27",26,20.1,0.604,20.8,5,3.6,29,0.75609756097561,81,13.5,5.4,2.8,1.2,0.9,0.539,0,0.813,9.2,0.217
"28",27,17.5,0.513,26.9,-1.5,0.4,25,0.341463414634146,82,24.5,6.1,1.7,0.8,0.6,0.476,0.444,0.784,6,0.091
"29",28,19.4,0.557,26.1,-0.3,0.9,31,0.634146341463415,75,17.7,3.1,3.8,0.7,0.2,0.477,0,0.85,7,0.164
"30",29,15.1,0.522,21.1,1.6,2.2,26,0.731707317073171,82,13.3,3.6,4.7,2.4,0,0.493,0.167,0.734,5.4,0.108
"31",30,10.1,0.512,11.3,0.8,1.9,30,0.75609756097561,81,7.2,10,1.5,0.7,1.7,0.449,0,0.767,5.5,0.1
"32",31,26.8,0.576,29.9,4.3,5.4,26,0.560975609756098,81,31.1,14.7,1.8,0.9,1.5,0.519,0,0.762,15.4,0.218
"33",32,22.6,0.557,25.2,7.5,7,25,0.768292682926829,77,22.9,10.9,5.8,1.9,0.9,0.503,0.212,0.863,12.5,0.205
"34",33,25.9,0.593,28.1,7.8,6.9,31,0.707317073170732,81,24.4,6.9,3.9,2,1.7,0.546,0.273,0.763,13.3,0.229
"35",34,22.6,0.571,25.5,3.8,3.7,28,0.768292682926829,80,19.9,10.8,1.8,0.9,2.4,0.542,0,0.71,10,0.19
"36",35,21.8,0.526,28.5,4.2,4.5,28,0.634146341463415,80,23.4,3.1,6.9,2.2,0.5,0.486,0.225,0.734,10.2,0.171
"37",36,24.2,0.562,35,1.7,2.6,29,0.585365853658537,79,32.3,5,2.4,1,0.6,0.5,0.278,0.864,10.7,0.182
"38",37,20.1,0.601,21,5.5,5.6,24,0.670731707317073,80,19.8,6.7,4.8,1.7,0.3,0.523,0.071,0.817,13.4,0.216
"39",38,22.9,0.59,20.1,8.3,7.8,22,0.695121951219512,78,18.6,9.6,9.5,2.7,0.4,0.537,0.207,0.76,12.9,0.207
"40",39,20.6,0.559,22.5,4.1,4.7,26,0.634146341463415,82,19.6,12.7,3.4,1.2,1.3,0.479,0.154,0.855,12.6,0.199
"41",40,23.4,0.608,25.6,4.3,4.2,34,0.695121951219512,76,23.9,8.7,3,0.8,2.7,0.579,0,0.706,10.7,0.192
"42",41,19.5,0.527,24.6,3.3,2.9,28,0.51219512195122,61,18.6,11.8,2.7,1,1.5,0.466,0.2,0.76,6.5,0.141
"43",42,16.4,0.57,23.3,1.2,2.5,22,0.475609756097561,82,21.6,5.4,3.3,1.1,0.2,0.496,0.227,0.797,7.5,0.117
"44",43,22.2,0.596,25.3,4.1,4.6,28,0.560975609756098,82,25.4,6.8,5.3,1.1,1.5,0.551,0,0.84,9.5,0.152
"45",44,19.8,0.6,25.3,2.7,3.4,25,0.548780487804878,79,23.2,5.9,3.6,1,0.3,0.566,0.2,0.705,8.7,0.147
"46",45,24.2,0.631,27.9,4.6,5.3,25,0.304878048780488,81,30.3,6.3,4,1.2,0.2,0.57,0.333,0.792,12.6,0.187
"47",46,19,0.527,27.4,3.9,4.1,27,0.536585365853659,82,20.4,4,6,2.4,0.5,0.462,0.167,0.832,7.9,0.139
"48",47,14.3,0.556,17.5,1.2,1.8,25,0.695121951219512,76,11.9,3.5,3,1.6,0.8,0.517,0.118,0.813,5,0.109
"49",48,23.1,0.608,26,1.3,2.1,33,0.560975609756098,81,22.9,7.5,2.2,0.8,0.7,0.527,0.667,0.834,9.8,0.19
"50",49,18,0.566,22.1,2.9,2.4,25,0.670731707317073,60,16.5,6.1,3.6,1,0.6,0.532,0,0.7,6.2,0.158
"51",50,14.5,0.487,25,-1,0.6,20,0.475609756097561,72,17,2.9,7.8,2.1,0.2,0.424,0.288,0.704,2.3,0.046
"52",51,16.7,0.54,23.6,1.7,2.7,27,0.560975609756098,80,19.5,5.1,4.6,1.3,0.7,0.47,0.19,0.806,8.1,0.132
"53",52,19.2,0.548,22.9,3,4,27,0.51219512195122,79,20.8,11.7,4,0.9,1.4,0.523,0,0.628,8.2,0.125
"54",53,18.7,0.532,28.6,0.3,1.5,22,0.341463414634146,81,21.4,7,2.2,1.1,0.3,0.497,0.25,0.716,5.6,0.102
"55",54,16.5,0.554,23.6,-0.7,1,28,0.695121951219512,82,21.1,4.8,1.7,1.1,0.3,0.525,0,0.732,7.7,0.127
"56",55,17.2,0.603,18.2,1.8,2.7,21,0.536585365853659,82,15.5,12.3,1.3,1,1,0.582,0,0.624,8.9,0.152
"57",56,25.1,0.578,26,3.4,4,27,0.792682926829268,78,24.5,15.3,1.3,1.1,2,0.501,0,0.761,15.1,0.248
"58",57,24.1,0.561,25,7.6,7.2,26,0.682926829268293,79,23.6,11,5.8,1.9,0.9,0.504,0.286,0.84,14,0.225
"59",58,23,0.603,19,7.4,6.9,23,0.707317073170732,79,16.8,8.6,10.5,2.2,0.6,0.548,0,0.8,12.5,0.207
"60",59,22.6,0.602,24.7,5.7,5.3,25,0.621951219512195,76,22.5,5.8,3.9,1.5,0.3,0.524,0.1,0.826,13.2,0.233
"61",60,23.1,0.566,25.5,6.3,5.1,32,0.792682926829268,72,21.4,6.8,3.7,1.6,1.8,0.517,0.286,0.759,10.9,0.217
"62",61,24.1,0.561,28.9,4.7,5,29,0.548780487804878,82,28.4,7.3,4.8,1.4,1.5,0.516,0.167,0.829,10.3,0.166
"63",62,18.6,0.611,18.4,3.3,3.9,22,0.597560975609756,82,17,12.5,1.5,1.1,1.3,0.588,0,0.62,11.4,0.185
"64",63,21.2,0.668,19.4,3.6,4,33,0.646341463414634,82,18,12,1.5,0.5,2.3,0.626,0,0.74,11,0.189
"65",64,20.5,0.561,29.1,1.1,2.2,30,0.646341463414634,78,26.2,4.6,3.4,1.1,0.9,0.487,0.364,0.853,9.4,0.159
"66",65,23.6,0.619,24.6,3.8,3.8,35,0.707317073170732,79,21.8,7.5,2.5,0.8,2.2,0.588,0,0.749,10.9,0.205
"67",66,19.6,0.546,22.5,3.2,3.4,27,0.585365853658537,75,18.2,11.4,3.1,1.2,0.9,0.464,0,0.837,9.8,0.183
"68",67,19.4,0.595,23,4.3,4.6,24,0.51219512195122,79,19.4,11,3,0.9,1,0.552,0.333,0.689,10.1,0.169
"69",68,22.8,0.557,26,3.5,3.5,21,0.304878048780488,70,23.7,10.6,2.5,1.8,0.9,0.523,0,0.709,8.7,0.164
"70",69,16.1,0.528,22.5,0.4,1.6,30,0.646341463414634,77,16.5,10.4,2.8,0.7,0.6,0.474,0.333,0.781,7.1,0.132
"71",70,13.8,0.543,17.7,1.2,1.5,24,0.621951219512195,80,8.4,7.1,1.4,0.6,2.2,0.529,0,0.537,3.8,0.096
"72",71,20.3,0.566,29.1,3.4,3,26,0.536585365853659,68,21.9,4.8,2.9,1.3,0.2,0.528,0,0.722,7.5,0.163
"73",72,18.9,0.525,26.1,2.4,3.4,21,0.451219512195122,81,22.9,4,7.8,2.5,0.4,0.472,0.288,0.71,7.4,0.115
"74",73,18.1,0.545,23.7,0.6,1.8,24,0.548780487804878,75,20.1,2.8,8.1,1.7,0.1,0.492,0.125,0.82,7.2,0.128
"75",74,20.5,0.517,25.8,2.7,3.3,29,0.585365853658537,80,20,2.6,8,2.3,0.3,0.477,0.047,0.751,8.5,0.148
"76",75,18.8,0.526,24.2,2.4,3.1,29,0.524390243902439,77,19,11.4,2.9,0.8,1.5,0.47,0.185,0.749,7.4,0.127
"77",76,21.1,0.543,25.7,4.8,4.9,26,0.621951219512195,80,21.4,7,4.5,1.3,0.7,0.509,0.2,0.735,10.7,0.18
"78",77,13.9,0.498,20.9,-2.2,-0.1,27,0.707317073170732,79,15.1,2.6,7.2,1.3,0.1,0.475,0,0.744,3.9,0.069
"79",78,21.8,0.613,24.9,1.6,2.7,24,0.548780487804878,82,26.7,5.3,2.5,0.8,0.5,0.547,0.294,0.875,11,0.182
"80",79,24.2,0.552,26.7,7.8,7.4,27,0.75609756097561,79,24.2,10.1,6.6,1.8,0.9,0.492,0.247,0.888,13.6,0.215
"81",80,22.7,0.619,28.7,3.6,3.7,27,0.573170731707317,77,26.3,5.1,2.1,1,0.2,0.572,0,0.779,12.1,0.218
"82",81,22.6,0.628,19.5,6.1,5.2,24,0.658536585365854,67,17.6,7.3,13.1,2.2,0.7,0.565,0.207,0.81,10.2,0.191
"83",82,21.3,0.608,25.1,2.8,3.2,36,0.658536585365854,80,21.5,7.3,2.6,0.7,1.8,0.578,0,0.723,8.9,0.163
"84",83,20.9,0.52,25.4,4.3,4.7,22,0.597560975609756,82,21.3,4,11.1,2.5,0.4,0.462,0.338,0.733,9.1,0.144
"85",84,22.9,0.562,27.2,5.9,5.3,33,0.634146341463415,77,22.4,6.9,4,1.8,1.8,0.512,0.333,0.754,10.1,0.18
"86",85,24.6,0.652,28.2,4.4,4.8,27,0.548780487804878,79,30.6,5.7,3.9,0.8,0.1,0.558,0.25,0.859,14.6,0.235
"87",86,19.8,0.591,22.2,4.8,5.3,26,0.609756097560976,79,20.9,6.7,4.5,1.4,0.3,0.498,0.278,0.848,12.7,0.198
"88",87,19.6,0.633,23,4.3,4.9,25,0.426829268292683,75,22.2,12.3,3.9,0.9,1,0.579,0.143,0.733,9.3,0.144
"89",88,21.8,0.566,26.4,0.7,1.8,28,0.634146341463415,71,22.7,13.4,1.4,1,1.5,0.483,0,0.75,9.5,0.175
"90",89,23.5,0.572,33.4,3.3,3.9,24,0.524390243902439,79,29.5,5.9,4.5,1,0.3,0.524,0.268,0.749,9,0.149
"91",90,19.2,0.59,18.2,2.4,3.2,26,0.597560975609756,82,17.3,12.2,1.8,0.6,1,0.53,0,0.866,10.8,0.181
"92",91,18,0.532,16.9,1.4,2.4,29,0.548780487804878,81,13.2,2.8,9.2,2.7,0.2,0.486,0.118,0.821,7.9,0.138
"93",92,18.8,0.512,31.3,0.2,1.3,30,0.341463414634146,75,22.3,2.9,3,1.3,0.1,0.445,0.319,0.784,5.3,0.107
"94",93,19.4,0.534,25.2,3.8,4,27,0.609756097560976,74,20.7,6.5,4.3,1.6,0.6,0.502,0.154,0.709,8.6,0.152
"95",94,26.5,0.585,28.5,8.5,8.4,28,0.768292682926829,80,28.7,10.5,6.6,1.6,1.2,0.522,0.427,0.882,15.7,0.238
"96",95,23.2,0.637,20.5,5.4,5.2,25,0.75609756097561,77,18.3,6.2,12.6,1.5,0.3,0.561,0.189,0.843,12.7,0.22
"97",96,22.5,0.577,26.8,1.5,2.6,29,0.707317073170732,79,24.6,13.1,1.6,0.8,1.6,0.469,0,0.815,11.9,0.193
"98",97,22.9,0.628,24.3,4.9,4.6,37,0.75609756097561,79,22,7.9,3.2,0.8,2.1,0.599,0,0.732,11.2,0.204
"99",98,22.1,0.536,28.8,3.8,4,23,0.719512195121951,79,23.6,9.1,2.9,1.5,0.8,0.495,0,0.741,10.7,0.189
"100",99,25.8,0.592,29.8,8.2,8.1,21,0.463414634146341,82,28.2,6.5,5.9,2.4,0.8,0.515,0.173,0.845,14,0.213
"101",100,25.2,0.585,35.1,4.3,3.3,28,0.292682926829268,55,32.9,5.8,3.7,1.3,0.3,0.53,0.1,0.772,7.1,0.166
"102",101,20.1,0.565,23.6,4.7,4.6,27,0.719512195121951,73,21.7,5.4,5.2,1.6,0.5,0.483,0.273,0.828,11.2,0.197
"103",102,22.2,0.529,24,5.2,5.6,23,0.560975609756098,81,21.2,4.5,13.9,2.3,0.3,0.458,0.257,0.809,11.2,0.173
"104",103,17.4,0.533,25.9,0.8,2.1,24,0.585365853658537,82,22.1,10.4,2.7,1,2,0.502,0,0.676,6.2,0.096
"105",104,21.8,0.604,24.1,2.7,3.1,28,0.634146341463415,78,23.3,7.8,3.1,1,0.4,0.546,0,0.793,10.2,0.185
"106",105,21.6,0.561,29.3,2.4,3.2,31,0.634146341463415,81,27.9,5.7,4.2,1.2,0.6,0.518,0.2,0.829,8.9,0.146
"107",106,21.1,0.564,23.5,3.4,4,22,0.585365853658537,82,20.6,11.9,1.4,1.2,2.7,0.538,0,0.613,10.2,0.168
"108",107,19.8,0.513,24,5.1,5.6,29,0.51219512195122,82,20.1,5.6,8.2,3,0.3,0.469,0.252,0.767,8.7,0.134
"109",108,16.2,0.582,23.3,0,1.1,27,0.707317073170732,70,17.8,2.5,5.2,0.9,0.3,0.492,0.371,0.862,5.5,0.118
"110",109,13.6,0.502,14.1,2.1,2.9,28,0.5,82,9.7,11.3,1.5,0.4,5.6,0.449,0,0.712,5.4,0.093
"111",110,17.6,0.577,19.2,4.4,4.7,26,0.719512195121951,80,16.1,5.4,6.8,1.6,0.7,0.517,0.35,0.758,9.6,0.16
"112",111,20.4,0.564,22.2,4.5,4,29,0.378048780487805,68,18.5,10.6,4.2,1.2,1.3,0.489,0.2,0.852,8.3,0.166
"113",112,20.9,0.514,32.5,1.1,2.4,25,0.414634146341463,81,27.4,6.9,2.5,1.7,0.7,0.451,0.309,0.806,7.6,0.121
"114",113,19.7,0.529,29.4,2.5,2.6,31,0.439024390243902,71,22.5,3,4.5,1.1,0.2,0.459,0.368,0.749,6,0.127
"115",114,18.9,0.533,29.1,0.3,1.8,27,0.268292682926829,78,28,5.1,3,1.5,0.3,0.46,0.313,0.817,6.2,0.097
"116",115,19.7,0.534,23.5,5.2,4.6,22,0.51219512195122,80,17.2,6,5.5,2.2,0.9,0.494,0.216,0.759,7.5,0.141
"117",116,20,0.546,26,3.2,3.3,34,0.707317073170732,78,20,5.3,3,1.7,1.4,0.494,0.214,0.765,7.6,0.144
"118",117,25.6,0.58,27.6,9.1,8.7,29,0.817073170731707,82,25.8,9.8,6.8,2,0.6,0.496,0.423,0.896,15.8,0.244
"119",118,23.3,0.536,32.9,3.6,4.3,26,0.609756097560976,78,30.3,7.9,2.6,1.8,0.6,0.468,0.186,0.818,10.8,0.17
"120",119,24,0.61,21.6,5.9,5.2,26,0.75609756097561,72,18.8,5.9,12.6,1.6,0.2,0.526,0.233,0.871,12.1,0.226
"121",120,24.2,0.56,25.6,5.3,4.6,23,0.621951219512195,68,23.5,11.5,2,2,3.4,0.526,0,0.645,9.5,0.186
"122",121,22.7,0.603,26.6,4.5,4.3,38,0.75609756097561,79,23.4,6.1,3.5,0.8,1.6,0.564,0,0.765,10.8,0.197
"123",122,22.4,0.619,22.4,7.9,7.3,22,0.658536585365854,80,20,12.8,3.9,2.2,1.6,0.572,0.227,0.685,10.8,0.176
"124",123,20,0.604,21.8,5.1,4.6,28,0.695121951219512,73,20.2,4.6,4.9,1.4,0.2,0.489,0.32,0.859,11.7,0.219
"125",124,21.7,0.562,30.5,2.1,3.2,32,0.573170731707317,81,29.8,5,4,0.9,0.4,0.504,0.2,0.862,9.8,0.156
"126",125,21.2,0.554,24.4,4,4.3,24,0.560975609756098,77,20.9,3.6,10.8,2.2,0.3,0.488,0.31,0.79,8.8,0.151
"127",126,20.6,0.553,27.6,-0.8,0.8,30,0.658536585365854,74,23.8,11.8,1.2,0.9,1,0.458,0,0.787,8.9,0.157
"128",127,18.2,0.503,27.2,1.2,2.1,24,0.695121951219512,82,19.8,8.5,2.4,1.5,0.6,0.474,0,0.656,7.4,0.133
"129",128,20.4,0.613,22.6,4.1,3.7,24,0.75609756097561,75,20,5.2,2.7,1.1,1,0.579,0,0.771,9.5,0.185
"130",129,21.6,0.623,22.5,4.6,4,28,0.817073170731707,68,21.3,8.1,2.7,0.4,2,0.574,0,0.776,11,0.22
"131",130,18.6,0.564,18.6,5.3,5,27,0.695121951219512,80,14.3,5,7.8,2.1,0.9,0.488,0.182,0.806,9.8,0.174
"132",131,19.5,0.563,20.9,6.6,6.2,23,0.426829268292683,82,17,6.3,5.5,3.7,0.5,0.514,0.276,0.795,8.6,0.143
"133",132,24.6,0.629,30,4.9,4.8,29,0.51219512195122,76,29.8,5.2,3.5,0.8,0.1,0.563,0.091,0.791,12.8,0.223
"134",133,15.1,0.565,18.1,0.8,2.2,25,0.475609756097561,82,15.9,12,1.6,0.9,1.2,0.523,0,0.676,6.8,0.106
"135",134,14.7,0.509,20.5,0.7,1.8,31,0.817073170731707,78,15.6,3.4,5.8,1.4,0.4,0.455,0.143,0.818,6.7,0.118
"136",135,27,0.602,26.3,8.1,7.4,27,0.792682926829268,80,23.9,6.3,12.2,1.7,0.5,0.522,0.205,0.848,15.9,0.263
"137",136,29.8,0.562,38.3,8.6,8.8,23,0.48780487804878,82,37.1,5.2,4.6,2.9,1.5,0.482,0.182,0.857,16.9,0.247
"138",137,26.4,0.612,27.5,9.2,8.5,30,0.719512195121951,74,28.1,9.2,7.6,1.8,0.9,0.525,0.4,0.91,15.2,0.243
"139",138,24,0.655,24.1,5.2,5.6,29,0.719512195121951,77,26.1,9.9,2.6,0.5,2.2,0.604,0,0.836,14.8,0.232
"140",139,23.5,0.543,32.3,4.9,5.2,27,0.695121951219512,79,29,6.3,3.3,1.5,0.6,0.463,0.292,0.818,12.2,0.197
"141",140,25.1,0.66,23.1,9.2,7.7,23,0.548780487804878,68,23,14.6,4.9,1.8,1.5,0.594,0.202,0.761,12,0.21
"142",141,23.8,0.554,26.8,6.6,6,24,0.51219512195122,75,23.4,11.4,2.9,1.9,3.4,0.508,0.2,0.702,10.9,0.189
"143",142,18.8,0.528,25.9,3,3.8,25,0.634146341463415,81,20.6,3.9,10,1.9,0.2,0.463,0.194,0.768,7.6,0.121
"144",143,20.8,0.515,21.1,5.6,5.9,26,0.451219512195122,82,18.9,8.9,8,2.5,0.4,0.469,0.239,0.782,9.7,0.153
"145",144,23.8,0.545,29.3,1.9,2.5,31,0.51219512195122,73,24.1,11.3,1.6,0.8,1.3,0.454,0,0.824,9.4,0.182
"146",145,15.1,0.602,23.1,-0.5,0.9,29,0.597560975609756,79,16.8,7.2,2,0.6,1,0.556,0,0.698,4.4,0.091
"147",146,18,0.536,26.3,1.6,2.6,23,0.536585365853659,82,21.7,10.4,1.9,1.3,0.7,0.512,0,0.598,6.9,0.116
"148",147,17.7,0.588,19.7,2.3,3.3,33,0.719512195121951,80,17.5,10.6,2.2,0.8,1.8,0.556,0,0.735,9.2,0.147
"149",148,20.5,0.549,29.2,1,2.3,33,0.451219512195122,82,28.6,4.2,5.1,0.9,0.3,0.503,0.267,0.844,8.1,0.126
"150",149,22.1,0.56,31.3,2.8,3.2,27,0.670731707317073,80,25.7,5.3,3.2,1.1,0.4,0.495,0.353,0.77,8.9,0.16
"151",150,18.1,0.569,24.3,0.6,1.8,27,0.670731707317073,80,21,3.5,3.3,0.8,0.3,0.495,0.333,0.884,8,0.14
"152",151,18.4,0.521,27.8,0.4,1.6,28,0.51219512195122,81,21.2,7.3,2.6,1.1,1.5,0.472,0,0.787,4.6,0.082
"153",152,31.7,0.603,34.1,12.2,11.8,24,0.609756097560976,82,35,5.5,5.9,3.2,1.6,0.535,0.132,0.841,21.2,0.308
"154",153,27.8,0.608,30.2,8.8,8.1,31,0.695121951219512,76,29.9,9.3,6.1,1.6,0.8,0.527,0.414,0.916,15,0.243
"155",154,23.1,0.581,23.4,5.3,4.9,28,0.75609756097561,72,19.6,6.2,11.9,1.6,0.2,0.492,0.196,0.853,10.9,0.199
"156",155,27.6,0.665,26.7,9,8.7,24,0.439024390243902,80,28.3,11.9,3.2,1.3,1.3,0.587,0.28,0.751,16.7,0.253
"157",156,24.1,0.564,28,7.4,7.3,25,0.646341463414634,81,27,6.6,5.8,2.5,0.6,0.506,0.212,0.811,13.2,0.207
"158",157,23.7,0.534,35.2,2.9,3.7,28,0.609756097560976,78,30.7,6.4,2.9,1.3,0.6,0.464,0.295,0.826,9.8,0.16
"159",158,23.4,0.555,26.5,5,5,25,0.560975609756098,79,22.8,12.1,2.1,2.1,2.7,0.514,0,0.695,10.7,0.182
"160",159,20.7,0.568,29.7,2.5,3.7,24,0.573170731707317,82,27.7,12,2.4,1.4,0.6,0.52,0,0.7,10.1,0.152
"161",160,20.5,0.516,21.4,6.1,6.2,27,0.658536585365854,82,18.9,8.1,7.8,2.7,0.3,0.473,0.211,0.785,10.4,0.163
"162",161,23.2,0.645,17.2,3.9,4.3,25,0.573170731707317,82,14.7,2.9,13.8,3,0.2,0.574,0.358,0.84,14.1,0.238
"163",162,19.8,0.535,28.4,1.4,2.5,34,0.658536585365854,80,25,4.7,4.7,0.9,0.3,0.495,0,0.828,7.6,0.129
"164",163,18.2,0.521,25.4,2.5,3.3,26,0.658536585365854,81,19.5,3.4,8.4,1.7,0.2,0.463,0.309,0.774,7.6,0.124
"165",164,15.7,0.493,17.3,2.8,3.9,22,0.463414634146341,82,13.6,4.8,10.6,2.5,0.1,0.432,0.254,0.774,7.6,0.113
"166",165,15.6,0.56,16.2,2.2,3,25,0.658536585365854,82,13.9,2.7,6.1,2,0.2,0.449,0.367,0.834,7.5,0.13
"167",166,21.9,0.539,31.6,3.1,3.4,28,0.646341463414634,77,25.1,5.6,3.6,0.9,0.7,0.475,0.302,0.77,8.8,0.163
"168",167,19.9,0.619,24.2,2,2.2,31,0.658536585365854,69,20,3.3,2.5,0.6,0.1,0.514,0,0.86,9.4,0.21
"169",168,18.2,0.603,20,1.3,2.2,27,0.231707317073171,70,18.3,11.9,1.6,1,0.6,0.56,1,0.668,7.6,0.138
"170",169,26.9,0.625,24.3,9.3,8.2,29,0.695121951219512,77,22.5,7.9,12.8,1.8,0.3,0.509,0.314,0.911,16.1,0.267
"171",170,31.1,0.614,32.1,12.6,12,25,0.573170731707317,81,32.5,8,8,2.9,0.8,0.538,0.276,0.85,19.8,0.292
"172",171,24.4,0.592,30.4,6.1,6.5,25,0.621951219512195,80,29.1,10.7,2.7,1.8,0.9,0.519,0.313,0.766,15.2,0.233
"173",172,22.1,0.607,23.6,4.7,4.9,26,0.634146341463415,80,22.7,9.3,2.4,1.5,3.5,0.567,0,0.746,10.9,0.181
"174",173,25.2,0.552,28.2,5.4,5.6,26,0.548780487804878,82,24.8,13.5,1.8,2.6,3.4,0.508,0,0.696,12.4,0.197
"175",174,27,0.653,24.4,9.8,9.2,25,0.560975609756098,79,25.8,12.5,4.1,1.6,0.8,0.579,0.216,0.753,16.1,0.25
"176",175,22.9,0.624,19.1,4.8,5.5,26,0.621951219512195,82,17.1,3,13.6,3.2,0.2,0.538,0.242,0.863,15.6,0.236
"177",176,20.5,0.597,21.2,3.5,4.5,22,0.670731707317073,81,20.4,4.2,12.2,1.7,0.3,0.505,0.091,0.882,12.2,0.184
"178",177,19.3,0.547,28.2,1.2,2.4,29,0.670731707317073,81,25.7,8.4,2.9,1.1,0.7,0.471,0.326,0.851,9.2,0.146
"179",178,20.6,0.623,21,3.5,3.8,24,0.695121951219512,75,18.9,3,8.4,1.5,0.1,0.526,0.441,0.901,11.3,0.199
"180",179,18.5,0.594,22.2,2.6,3.3,23,0.695121951219512,78,18.9,9.2,3.7,0.8,0.5,0.538,0.333,0.737,9.6,0.164
"181",180,21.6,0.607,20.9,4.2,4.5,35,0.51219512195122,80,18.6,12.5,2.2,1,1.5,0.57,0,0.719,10.5,0.177
"182",181,10.6,0.513,9.2,3,3.7,32,0.621951219512195,82,6.2,10.3,1,0.5,3.8,0.462,0,0.66,6.6,0.108
"183",182,21.2,0.581,23.4,2.1,3,33,0.634146341463415,81,20.2,11.8,1.4,1,1.2,0.491,0,0.789,10.7,0.178
"184",183,21.9,0.581,26.6,3.7,4.4,25,0.524390243902439,82,26.5,5.9,5.1,2.1,0.5,0.509,0.23,0.892,10.6,0.165
"185",184,19.9,0.59,19.9,4,3.8,29,0.695121951219512,73,17.2,8,2.2,0.8,2.8,0.539,0,0.799,10.3,0.197
"186",185,19.7,0.518,28.9,1.7,2.6,27,0.597560975609756,80,22.9,8.1,2.5,1.3,0.9,0.467,0.467,0.787,7.7,0.131
"187",186,16.8,0.571,21.6,1.1,1.9,25,0.768292682926829,69,17.2,2.5,5.7,0.9,0.1,0.505,0.483,0.85,7,0.14
"188",187,17.1,0.528,24.6,2.2,3.1,27,0.768292682926829,80,18.2,3.4,8.3,1.7,0.3,0.464,0.273,0.818,7,0.115
"189",188,26.6,0.622,24.8,9.5,8.5,30,0.768292682926829,79,22.3,6.6,11.5,1.7,0.4,0.48,0.384,0.89,16.5,0.27
"190",189,27.1,0.661,24,9.8,9.2,26,0.646341463414634,79,25.2,11.5,3.9,1.9,0.6,0.6,0.217,0.749,17.3,0.269
"191",190,31.2,0.606,33.7,10.6,10.1,26,0.670731707317073,82,33.6,6.9,6.3,2.8,0.7,0.526,0.376,0.848,19,0.285
"192",191,27.2,0.626,32.6,6.6,6.7,26,0.670731707317073,82,31,11.1,2.8,1.5,0.6,0.562,0.372,0.762,15.9,0.245
"193",192,25.8,0.599,29.4,4.6,5.2,27,0.548780487804878,82,28.6,10.9,2.2,1,4,0.551,0.25,0.775,13.5,0.205
"194",193,26.3,0.597,26.6,6.5,6.4,24,0.682926829268293,82,24.3,12,2,1.7,3.9,0.531,0,0.732,15.1,0.241
"195",194,24.1,0.541,28.1,5.9,6.3,27,0.5,82,24.3,14,2.9,2.1,4.6,0.501,0.167,0.713,11.2,0.173
"196",195,20.9,0.579,28.8,1.8,2.9,30,0.658536585365854,81,27.2,7,2.3,1.1,0.6,0.501,0.279,0.861,11.2,0.176
"197",196,23.9,0.607,20.6,4.2,4.5,27,0.670731707317073,78,17.2,2.6,14.5,2.7,0.2,0.514,0.416,0.819,14.4,0.238
"198",197,21.9,0.546,27.4,6.1,6.1,33,0.634146341463415,75,24.3,9.5,7.5,1.4,0.8,0.473,0.333,0.93,9.5,0.154
"199",198,14.3,0.597,15.5,1.8,2.7,29,0.719512195121951,82,13.6,9.8,1.4,0.8,0.5,0.548,0,0.706,8.7,0.149
"200",199,22.2,0.551,25.5,7.9,6.6,27,0.719512195121951,73,23.3,6.9,5.9,2,0.7,0.494,0.283,0.774,11.6,0.208
"201",200,17.2,0.555,22.5,1.5,2.3,26,0.719512195121951,75,17.8,2.8,4.9,0.8,0,0.48,0.4,0.9,8.7,0.162
"202",201,17.3,0.501,26,2.5,3.4,28,0.719512195121951,81,18.4,3.8,9.4,1.7,0.2,0.438,0.309,0.775,6.7,0.107
"203",202,31.6,0.605,32.9,10.8,9.8,27,0.74390243902439,82,31.5,6,5.5,2.7,1,0.539,0.312,0.851,20.3,0.321
"204",203,25.1,0.623,22.9,8.3,7.6,31,0.707317073170732,79,19.4,7,12.5,1.3,0.2,0.477,0.32,0.906,15.4,0.251
"205",204,27.4,0.615,26.6,8.4,8.1,25,0.670731707317073,82,25.6,13,2.5,1.5,3.9,0.552,0.143,0.762,17,0.264
"206",205,28.9,0.635,29.1,9.9,7.4,27,0.536585365853659,67,27.6,10.1,4.2,1.6,0.5,0.57,0.284,0.722,13.4,0.258
"207",206,24.8,0.596,30.1,5.8,6.5,27,0.658536585365854,82,29,11.8,3.3,1.1,1,0.527,0.286,0.77,15.5,0.225
"208",207,22.1,0.563,25.7,7.3,6.7,28,0.768292682926829,82,21.5,6.7,6,1.8,0.7,0.482,0.319,0.794,12.4,0.209
"209",208,23.7,0.604,24.8,5.2,5.1,24,0.670731707317073,77,22.2,3.5,10.1,2.1,0.1,0.516,0.205,0.843,12.7,0.22
"210",209,23.5,0.555,28.1,4.7,5.2,31,0.524390243902439,81,25.9,9,3.3,1.5,0.8,0.47,0.341,0.829,11.4,0.177
"211",210,19.7,0.53,23.7,4.7,3.8,34,0.682926829268293,60,19.4,8.5,7.2,1.8,1,0.454,0.389,0.891,6.6,0.14
"212",211,21.7,0.632,19.6,6.1,5.5,27,0.768292682926829,81,17,3.5,8,2,0.1,0.515,0.415,0.823,13,0.235
"213",212,23.7,0.561,31.1,3.9,4.6,28,0.475609756097561,81,26.6,11.2,3,1,3.2,0.514,0,0.745,10,0.155
"214",213,23.4,0.604,20.9,4.4,5,28,0.658536585365854,82,17.2,2.9,14.2,2.9,0.2,0.507,0.345,0.836,14,0.217
"215",214,17.4,0.507,25.2,1.8,1.6,29,0.609756097560976,48,16.2,3.3,9.3,1.6,0.2,0.435,0.292,0.782,3.4,0.098
"216",215,20.6,0.637,19,1.7,2.3,37,0.682926829268293,81,14.9,10.6,0.8,0.8,1.3,0.598,0,0.767,10,0.198
"217",216,18,0.552,24,1.8,2.9,27,0.609756097560976,80,20.4,2.3,5.5,1.1,0.1,0.481,0.311,0.89,9.9,0.155
"218",217,19.1,0.527,34.4,0.1,1.3,34,0.365853658536585,64,28.4,5,4.6,0.9,0.3,0.472,0.216,0.79,3.5,0.07
"219",218,18.3,0.599,21.2,0.7,1.9,25,0.634146341463415,78,17.7,2.1,7.1,1.4,0.1,0.52,0.363,0.844,9,0.161
"220",219,24.3,0.549,25,6.3,4.3,28,0.634146341463415,56,21.2,13.8,2.3,2.2,3.9,0.508,0,0.769,8.6,0.201
"221",220,20.9,0.547,24.7,4,4.9,24,0.536585365853659,82,22.9,4,9.7,2.6,0.1,0.476,0.385,0.803,9.9,0.148
"222",221,21.2,0.606,23.9,2.5,2.3,33,0.682926829268293,68,18.4,7.1,1.9,0.4,2.1,0.553,0.405,0.829,7.9,0.182
"223",222,27.7,0.579,31.7,8.6,8.3,28,0.817073170731707,80,30.1,6.4,6.1,2.3,0.9,0.519,0.27,0.832,17.7,0.274
"224",223,23.6,0.56,28.7,8.4,7.2,29,0.695121951219512,76,25,6.6,6.7,1.8,0.9,0.47,0.337,0.794,12.8,0.223
"225",224,27.5,0.597,24.7,10,7.8,26,0.573170731707317,68,23.2,12.2,2.7,2.3,4.5,0.551,0.125,0.701,13.9,0.26
"226",225,25.4,0.599,30.3,5.3,5.6,28,0.670731707317073,81,28,11.2,3,1.3,0.6,0.526,0.176,0.778,15.1,0.237
"227",226,22.8,0.563,27.2,4,4.8,29,0.621951219512195,82,24,11.2,1.9,1.1,3,0.522,0.167,0.738,13,0.198
"228",227,19.9,0.586,23.6,3.5,4.6,28,0.670731707317073,81,25.6,5.6,3.5,2.1,0.8,0.524,0.366,0.833,10.8,0.155
"229",228,22.7,0.61,24.1,3.8,3.1,27,0.695121951219512,72,17.3,2.4,7.4,1.3,0.2,0.488,0.387,0.947,9.1,0.205
"230",229,19.1,0.537,24.4,2.6,3.9,25,0.670731707317073,81,23.4,3.8,10,2,0.2,0.461,0.338,0.766,9.2,0.132
"231",230,21.5,0.555,24.6,6.5,6.8,26,0.817073170731707,82,21,7.7,7,1.9,1.1,0.506,0.2,0.76,12.7,0.192
"232",231,17,0.574,11.1,4.9,5.8,30,0.585365853658537,82,9.8,18.7,2.3,0.8,0.9,0.539,0.317,0.6,12.6,0.183
"233",232,23,0.629,23.6,5,4.7,26,0.695121951219512,73,21.5,10.4,3.6,0.9,1.1,0.57,0,0.777,11.7,0.213
"234",233,24.5,0.612,25.1,7.4,6.9,28,0.426829268292683,75,23.1,11.1,4.1,1.8,0.6,0.552,0.234,0.695,12.3,0.205
"235",234,22.8,0.59,19.9,5.1,5.3,29,0.670731707317073,82,15.8,3.3,13.7,3,0.3,0.482,0.407,0.842,13.4,0.215
"236",235,21,0.547,24.7,5.5,3.1,35,0.621951219512195,45,20.2,9.6,6.8,0.9,0.7,0.466,0.406,0.926,5.5,0.159
"237",236,19.9,0.561,23.6,2.2,3.1,25,0.646341463414634,78,19.7,3.7,10.7,1.5,0.3,0.479,0.217,0.807,10,0.165
"238",237,19.7,0.577,23.1,5.5,5.5,25,0.548780487804878,82,19.3,6.9,3.5,1.6,1.5,0.542,0,0.725,9.8,0.162
"239",238,19.5,0.617,21.1,3.7,3.7,29,0.48780487804878,80,17.3,9.6,3.9,0.8,0.5,0.536,0.324,0.828,9.8,0.181
"240",239,25.9,0.596,26.9,8.3,7.5,29,0.75609756097561,76,25.6,12.2,5.1,1.6,1,0.52,0.305,0.765,14.4,0.242
"241",240,27.3,0.577,28.8,8.4,8.5,30,0.670731707317073,82,26.1,13,3.5,1.8,4.2,0.529,0,0.779,15.8,0.234
"242",241,29.7,0.564,34.7,9.5,8.9,29,0.695121951219512,78,32.6,6.7,5.5,2.8,0.8,0.495,0.352,0.837,17.2,0.27
"243",242,20.8,0.546,29.7,2.2,3.2,30,0.731707317073171,81,24.2,12.1,1.9,0.9,2,0.503,0.143,0.719,10.6,0.17
"244",243,24.3,0.57,31.9,3.6,3.7,33,0.524390243902439,71,29.9,6.8,3.2,1,0.4,0.468,0.38,0.828,10.5,0.191
"245",244,24.2,0.569,26.4,6.7,7,27,0.597560975609756,82,23.4,11.7,3.7,1.5,3.2,0.501,0.176,0.732,13.2,0.197
"246",245,22.9,0.584,27,3.7,4.4,20,0.5,81,23.4,13.9,1.9,0.7,3.5,0.562,0,0.592,10.4,0.163
"247",246,26.2,0.612,28.4,7.6,7.6,29,0.573170731707317,82,27,11.2,3.8,1.5,1,0.552,0.2,0.74,15.4,0.238
"248",247,22.1,0.609,24.5,3.2,3.1,28,0.658536585365854,75,18.2,2.7,8,1.2,0.1,0.484,0.416,0.948,9.8,0.197
"249",248,22,0.635,21.1,5.2,4.9,27,0.658536585365854,71,20.2,10.2,4.4,0.7,0.8,0.571,0.5,0.795,12.7,0.226
"250",249,20.7,0.517,26.1,6.1,3.4,30,0.621951219512195,49,19.9,6.3,5.7,1.9,0.8,0.429,0.233,0.839,6,0.171
"251",250,17.6,0.555,24.5,1.4,2.6,29,0.48780487804878,77,23.5,1.9,4,1,0.1,0.466,0.375,0.864,9.1,0.141
"252",251,20.4,0.547,24.2,3.2,3.4,23,0.670731707317073,78,17.8,10.7,2,1.5,1.9,0.492,0,0.712,9.1,0.169
"253",252,21.3,0.584,19.9,3.3,3.8,30,0.573170731707317,82,15.1,2.9,12,2.4,0.3,0.486,0.385,0.798,10.6,0.177
"254",253,25.3,0.565,29.8,7,7.4,31,0.707317073170732,80,27.3,11.9,3.6,1.6,3.7,0.528,0.421,0.716,14.3,0.21
"255",254,30.7,0.577,32,10.9,10.6,28,0.670731707317073,80,29.8,10.7,4.8,1.7,3.3,0.507,0.345,0.749,20,0.296
"256",255,23.2,0.544,27.1,8.3,7.2,28,0.670731707317073,72,22,8.7,5.6,2.9,0.8,0.491,0.32,0.66,11.2,0.194
"257",256,28.5,0.605,29,6.6,7.1,21,0.609756097560976,81,29.3,13.2,2.4,0.9,2.9,0.599,0,0.554,16.9,0.252
"258",257,22.9,0.551,29.8,4.5,4.9,31,0.695121951219512,79,24.5,11.2,2.3,1.1,2.7,0.496,0.286,0.765,13.1,0.211
"259",258,17.8,0.526,21.6,2.8,3.5,25,0.768292682926829,82,16.5,3.3,6,2.3,0.2,0.504,0.278,0.595,9.3,0.155
"260",259,22.9,0.593,24.2,6.5,5.6,24,0.768292682926829,79,18.1,10.8,2.6,1.8,2.1,0.538,0.25,0.741,11.7,0.216
"261",260,22.9,0.55,28,6.3,6.9,30,0.646341463414634,82,25.2,11.5,4,1.5,1.5,0.497,0.25,0.694,13.4,0.193
"262",261,22.7,0.586,24.6,4.6,3.9,29,0.573170731707317,76,17.3,3,7.8,1.4,0.1,0.478,0.397,0.888,10,0.201
"263",262,22.8,0.563,26.5,5.7,4.5,30,0.682926829268293,65,21.6,11.2,4.6,1.6,0.6,0.495,0.27,0.704,8.8,0.185
"264",263,19.6,0.487,19.8,5.3,5.4,26,0.695121951219512,81,13.8,5.2,9.7,2.6,0.5,0.411,0.334,0.73,10.2,0.168
"265",264,20.6,0.566,24.3,0.9,1.8,27,0.682926829268293,67,20,2.5,9.5,1.9,0.1,0.487,0.222,0.819,8.7,0.17
"266",265,13.4,0.549,7.1,3.5,4.2,32,0.670731707317073,79,4.7,17.3,2.3,0.7,0.4,0.534,0.208,0.52,8.7,0.14
"267",266,15.9,0.532,21.5,2,3.6,23,0.609756097560976,82,21,4.9,4.7,2.2,0.9,0.433,0.361,0.774,8,0.108
"268",267,22.5,0.608,19.1,4.4,4.8,31,0.646341463414634,82,15.1,3.1,12.6,2.4,0.3,0.528,0.322,0.805,13.2,0.214
"269",268,21.4,0.529,32,0.9,1.9,34,0.5,74,26,6.5,2.3,1.2,0.4,0.44,0.288,0.847,8.4,0.153
"270",269,19.4,0.538,24.1,1.1,2.2,31,0.695121951219512,80,19.1,12,1.9,1,0.5,0.499,0.375,0.713,10.2,0.17
"271",270,29.1,0.602,29.9,8.4,8.1,29,0.75609756097561,81,27.6,10.8,2.9,1.7,3.2,0.53,0.3,0.774,17.5,0.273
"272",271,28.6,0.588,31.9,5.4,5.4,22,0.695121951219512,79,29.3,11.4,2.7,0.9,2.4,0.583,0,0.533,14,0.23
"273",272,25.1,0.59,30.3,5.8,6.1,31,0.731707317073171,82,26.7,10.6,3.5,1.6,1,0.536,0.268,0.742,13.8,0.212
"274",273,21.9,0.555,30.7,2.2,3.1,32,0.670731707317073,79,23.9,11,2.7,0.9,2,0.503,0.286,0.75,9.6,0.157
"275",274,26,0.563,31.7,5.3,5.3,32,0.573170731707317,72,27.8,10.8,3.5,1.8,3.4,0.517,0.188,0.756,10.7,0.181
"276",275,25.2,0.572,27.5,6.4,5.1,31,0.719512195121951,68,23,11.1,4.1,1.6,0.7,0.486,0.338,0.748,10.6,0.214
"277",276,22.6,0.559,26.3,7.8,7.4,29,0.573170731707317,79,21.4,8.1,5.2,2.9,1.1,0.48,0.345,0.716,11.8,0.188
"278",277,23.3,0.651,18.9,5.5,5.4,32,0.731707317073171,82,14.7,3.1,12.3,2.4,0.3,0.542,0.449,0.804,13.9,0.233
"279",278,21.3,0.564,24.4,4.5,5,26,0.695121951219512,82,20.6,3.4,7.1,2.5,0.2,0.509,0.302,0.716,11.7,0.187
"280",279,20.8,0.599,23.7,4.2,4.5,23,0.695121951219512,77,20.9,4.4,7.2,1.7,0.3,0.512,0.349,0.769,10.7,0.177
"281",280,22.1,0.493,33.2,2.7,0.8,31,0.573170731707317,17,26.9,6.9,5.3,1.8,0.8,0.411,0.5,0.801,2.3,0.167
"282",281,16.6,0.604,10.9,3.8,2.3,33,0.75609756097561,49,7.1,16.8,2,0.6,0.5,0.571,0,0.676,5.8,0.178
"283",282,15.1,0.471,19,1.7,2.5,21,0.439024390243902,79,11.7,5.4,7.7,1.9,0.3,0.385,0.272,0.698,3.7,0.066
"284",283,22.4,0.577,25.7,6.5,5.9,32,0.5,76,21.8,6.3,4.8,1.8,0.6,0.461,0.36,0.824,11.7,0.206
"285",284,19.9,0.57,26.5,0,1,25,0.585365853658537,58,21.7,8,1.8,1,0.3,0.509,0.397,0.716,5.2,0.123
"286",285,29.4,0.582,33.3,8.6,8.3,32,0.878048780487805,82,30.4,6.6,4.3,2.2,0.5,0.495,0.427,0.834,20.4,0.317
"287",286,29.4,0.589,28.8,9.2,8.5,30,0.719512195121951,82,25,12.2,3,1.4,3.3,0.516,0.333,0.761,18.3,0.29
"288",287,24.6,0.605,25.5,6.4,6.4,24,0.731707317073171,82,21.7,4.3,7.1,2,0.5,0.513,0.314,0.767,14.4,0.229
"289",288,25.5,0.558,31.9,4.6,4.7,33,0.585365853658537,72,26.9,10.9,3.6,1.6,2.9,0.514,0.214,0.724,9.7,0.166
"290",289,21,0.551,24.4,6.8,6.3,30,0.878048780487805,77,19.4,6.4,5.9,1.7,0.7,0.463,0.374,0.679,12.3,0.209
"291",290,19.6,0.554,23.6,4.7,5.3,27,0.780487804878049,81,19.3,4.2,7.5,2.9,0.2,0.484,0.328,0.748,11.5,0.174
"292",291,26,0.575,29.8,7.3,7.4,32,0.670731707317073,82,25.7,9.8,4.2,1.7,0.7,0.519,0.4,0.723,15.1,0.233
"293",292,22.6,0.631,26.2,3.8,3.9,26,0.780487804878049,79,19.6,11.4,2.2,1.2,1.6,0.561,0.417,0.742,11.2,0.205
"294",293,20.9,0.537,25.9,5.1,5.8,23,0.560975609756098,80,20.2,9.8,6.9,1.3,0.6,0.462,0.192,0.751,11.7,0.172
"295",294,26.4,0.57,32.8,3.5,2.7,23,0.731707317073171,54,26.6,11,2.9,0.6,2.1,0.573,0.5,0.487,6.9,0.171
"296",295,21.9,0.642,18.7,3.7,4.2,33,0.670731707317073,82,14.7,2.8,11.2,1.7,0.2,0.538,0.422,0.83,13,0.214
"297",296,24.8,0.585,27.5,5.9,5.2,32,0.5,71,23.2,11.6,3.7,1.6,0.8,0.5,0.28,0.777,10.5,0.191
"298",297,21.1,0.612,22.7,3.2,1.3,36,0.646341463414634,32,14.6,5.7,6.9,0.8,0.4,0.466,0.379,0.856,3.6,0.181
"299",298,22.7,0.584,28.1,4.4,4.3,25,0.51219512195122,70,23.2,10.4,2.3,1,2.7,0.523,0.3,0.685,9.9,0.178
"300",299,13.6,0.501,10.3,3.2,2.8,34,0.878048780487805,64,5.5,14.9,2.5,0.6,0.4,0.48,0.111,0.528,6.2,0.143
"301",300,25.2,0.573,27.6,6,5.2,25,0.573170731707317,75,19.3,3.3,6.5,1.8,0.4,0.465,0.387,0.887,12.7,0.237
"302",301,19.2,0.591,26.9,2.9,3.6,30,0.475609756097561,81,23.1,3.3,3.1,1.5,0.2,0.447,0.437,0.866,9.3,0.151
"303",302,28.9,0.6,32.7,8.5,7.9,33,0.780487804878049,82,27.4,9.9,4.5,1.4,0.6,0.55,0,0.755,16.7,0.268
"304",303,27.8,0.567,33.2,6.7,6.8,33,0.841463414634146,82,29.6,5.9,4.3,1.7,0.5,0.486,0.374,0.833,18.3,0.283
"305",304,25.5,0.556,28.3,8,7.9,24,0.658536585365854,80,21.4,9,7.3,1.8,0.6,0.496,0.303,0.711,14.6,0.223
"306",305,20.8,0.532,26.6,5.1,5.6,30,0.74390243902439,81,20.3,3.4,8.6,1.9,0.1,0.415,0.344,0.799,12.9,0.198
"307",306,19.7,0.605,26.9,1.2,2.7,29,0.658536585365854,79,26.8,4,2,0.9,0.3,0.477,0.47,0.867,10.8,0.154
"308",307,21.8,0.545,26.4,5.6,6.2,28,0.695121951219512,82,21.8,4.6,7.1,2.4,0.2,0.476,0.313,0.715,12.9,0.193
"309",308,22.7,0.558,30.4,3.2,3.7,34,0.695121951219512,78,23.2,9.2,3,1.5,2.2,0.51,0.313,0.787,9.1,0.154
"310",309,21.3,0.548,29.8,1.7,2.7,34,0.695121951219512,78,22.4,10.7,2,0.9,2.4,0.488,0.222,0.754,9.8,0.163
"311",310,18.9,0.585,17.6,4.5,5.2,30,0.658536585365854,73,16.2,11.4,5.7,1,0.5,0.525,0.333,0.745,11.4,0.173
"312",311,27.1,0.556,31.1,6.3,4,24,0.682926829268293,51,26.2,12.5,3.1,0.9,2.9,0.557,0,0.484,8,0.197
"313",312,21.3,0.554,24.6,6.6,6.7,31,0.841463414634146,82,20.2,6.5,5.7,1.9,0.5,0.474,0.368,0.701,13.1,0.203
"314",313,21.6,0.578,27.5,2.7,2.7,26,0.74390243902439,66,19.8,9.9,1.6,0.8,2.9,0.534,0.111,0.642,8.4,0.174
"315",314,19,0.584,17.4,3.2,3.9,30,0.682926829268293,80,13.3,11.6,1.4,0.6,3.3,0.527,0,0.705,11.3,0.183
"316",315,21.6,0.578,29.4,3.3,4.2,31,0.414634146341463,81,25.9,3.9,4.2,1.5,0.3,0.454,0.428,0.861,10.8,0.166
"317",316,22.1,0.656,18.4,3.9,4.3,34,0.780487804878049,82,14.4,2.8,10.5,2,0.2,0.548,0.422,0.846,13.6,0.226
"318",317,23,0.581,23.2,7.1,4.6,33,0.695121951219512,53,19.2,13.5,4.7,1.3,0.5,0.484,0.283,0.694,9.4,0.224
"319",318,19,0.526,27.5,2,3.2,27,0.48780487804878,81,20.6,8.7,4.1,1.6,1.1,0.442,0.258,0.82,6.7,0.103
"320",319,18,0.513,28.9,1.5,2.7,21,0.268292682926829,76,23.5,4.1,7.5,2.1,0.3,0.416,0.341,0.702,4.1,0.065
"321",320,22.9,0.631,22.6,4.2,4.2,30,0.48780487804878,70,20.1,3.6,9.3,1.5,0.2,0.496,0.441,0.852,11.7,0.211
"322",321,17.4,0.548,25,1.3,2.3,27,0.682926829268293,72,20.1,3.3,4.2,0.9,0.3,0.429,0.335,0.847,9.1,0.154
"323",322,25.2,0.533,33.7,4.6,5.3,34,0.75609756097561,82,28.7,5.8,3.5,1.7,0.5,0.465,0.238,0.784,15.8,0.238
"324",323,27.9,0.597,31.8,7,6.9,34,0.75609756097561,81,27,10.3,3.9,1.2,0.9,0.53,0.333,0.761,16.4,0.259
"325",324,21.6,0.544,24.6,5,5.6,29,0.74390243902439,82,19.2,4.6,8.3,2.3,0.2,0.453,0.338,0.744,12.5,0.19
"326",325,28.8,0.587,32.9,4.6,3.6,25,0.74390243902439,60,28.3,11.4,2.4,0.7,2.4,0.584,0,0.527,10.2,0.224
"327",326,22.6,0.577,26,5.5,6,21,0.682926829268293,82,21.1,11.9,2.7,0.7,2.5,0.549,0,0.662,12.8,0.192
"328",327,20.6,0.53,25.6,4.6,5.1,31,0.670731707317073,81,18.9,3.7,8.3,1.7,0.2,0.431,0.351,0.781,11.7,0.185
"329",328,27.8,0.581,29.7,7.8,6.1,32,0.682926829268293,73,21.6,10.6,2.7,0.9,2.6,0.511,0.25,0.735,13.8,0.269
"330",329,20.4,0.564,24.7,2,3,26,0.74390243902439,82,19.2,8,1.9,1.1,1,0.542,0.143,0.591,10.4,0.169
"331",330,21.2,0.52,27.3,4.8,5.6,25,0.451219512195122,81,21.1,7.7,6.8,1.8,0.7,0.452,0.143,0.74,10.2,0.149
"332",331,20.4,0.533,24.4,5.8,3.2,32,0.75609756097561,44,19.1,5.2,5.8,1.8,1,0.447,0.318,0.777,6.6,0.193
"333",332,17.4,0.568,25.1,0.7,2.3,30,0.621951219512195,82,22.3,4.3,2.2,0.9,0.3,0.457,0.433,0.849,9.3,0.136
"334",333,17.8,0.481,29.2,0.7,2.2,21,0.439024390243902,82,22.4,10.2,3.3,1.7,0.7,0.423,0.312,0.645,4.7,0.07
"335",334,16.4,0.502,17.6,3.1,4,24,0.682926829268293,82,11.6,6.2,9.1,2,0.3,0.416,0.313,0.799,8,0.123
"336",335,21.8,0.628,19.3,2.6,2.2,35,0.75609756097561,64,12,2.6,8.5,1.4,0.2,0.528,0.429,0.827,8,0.206
"337",336,20.4,0.569,27.8,2.3,2.8,32,0.329268292682927,70,23.2,3.3,4,1.3,0.2,0.445,0.389,0.864,7.9,0.148
"338",337,19.8,0.619,23.9,4.3,4.4,32,0.707317073170732,81,19.5,2.9,2.1,1,0.1,0.477,0.429,0.868,12,0.206
"339",338,19.9,0.532,29.2,0.3,1.2,31,0.707317073170732,73,16.7,6.9,1.4,0.5,1.2,0.495,0,0.783,6.1,0.141
"340",339,19.3,0.522,25.7,2.4,3.7,24,0.24390243902439,82,21.5,5.3,4.9,1.6,0.4,0.449,0.357,0.784,7.5,0.106
"341",340,19.6,0.501,23.7,2.6,3.5,31,0.51219512195122,76,17.8,5.3,10.5,1.7,0.3,0.434,0.25,0.726,8.1,0.129
"342",341,25.6,0.577,30.5,6.8,4.1,35,0.74,49,23.8,9.4,4.1,1.3,0.6,0.493,0,0.788,9.6,0.252
"343",342,24.6,0.563,27.1,4.8,3,28,0.66,46,20.1,11,1.6,0.7,3.9,0.511,0,0.652,7.9,0.216
"344",343,23.2,0.541,27.2,4.9,3.4,22,0.74,50,21.7,11.4,2.4,0.9,2.5,0.495,0.143,0.69,8.7,0.213
"345",344,22.2,0.508,32.6,4.6,3.3,23,0.56,48,26.8,4.9,4.6,2.3,0.1,0.412,0.291,0.751,7.2,0.173
"346",345,22.5,0.527,21.4,5.8,4.1,25,0.54,50,16.9,6.8,10.8,2.3,0.4,0.444,0.366,0.757,8.1,0.188
"347",346,30.6,0.584,32.4,6.3,3.6,26,0.62,49,26.3,10.7,2.3,0.7,1.7,0.576,0,0.54,9,0.255
"348",347,19.5,0.491,24.9,3,2.1,25,0.54,42,20,13,4.1,1.4,2.1,0.486,0.118,0.454,3.6,0.102
"349",348,23.9,0.543,29.6,6,3.8,26,0.58,50,21.1,7.1,6,1.6,0.5,0.479,0,0.752,7.3,0.189
"350",349,23.1,0.519,27.1,5.4,3.8,30,0.5,50,21.7,4.9,8.7,2.2,0.2,0.434,0.295,0.721,7.2,0.172
"351",350,22.4,0.493,27.8,5.7,3.5,22,0.5,47,20.8,10.4,4.3,1.7,1.8,0.46,0.286,0.704,5.4,0.146
"352",351,23.6,0.578,28.9,4.7,2.5,29,0.44,42,20.5,9.2,2.4,1.1,1.1,0.482,0.5,0.789,6.3,0.205
"353",352,24.9,0.564,23.8,7.4,3.7,33,0.74,49,15.8,10,2.1,1.4,2.4,0.509,0,0.658,8.4,0.261
"354",353,23.1,0.559,25.9,2.9,2.2,36,0.62,50,18.9,9.6,1.8,1.6,2.5,0.514,0.308,0.717,6.5,0.175
"355",354,20.4,0.546,21.7,4.3,2.1,34,0.7,50,12.1,7.9,2.4,0.7,1.3,0.485,0.292,0.771,5.8,0.207
"356",355,22.2,0.575,22.9,5.9,3,30,0.66,50,13.8,3.6,6.7,2.2,0.1,0.441,0.365,0.904,6.4,0.205
"357",356,19.6,0.516,25.6,1.9,1.7,22,0.46,50,18.3,5.7,3,1.1,1.5,0.45,0.288,0.761,5,0.136
"358",357,16.7,0.488,22.4,3.6,2.8,27,0.66,50,15.8,5.7,5.3,2.2,0.5,0.42,0.286,0.706,5,0.122
"359",358,17.9,0.513,16,1.5,1.2,33,0.66,49,7.6,3.8,7.9,0.9,0.1,0.419,0.311,0.823,3.8,0.134
"360",359,19.7,0.523,28.2,0.9,1.1,26,0.56,47,18.4,5.9,2.1,1,0.9,0.459,0.392,0.87,4,0.122
"361",360,17.9,0.526,26.4,3.2,1.7,29,0.62,36,18.7,4.2,3.3,1,0.3,0.402,0.338,0.849,4.4,0.162
"362",361,16.7,0.566,20.5,1.9,1.4,24,0.7,49,12.8,4.9,1.2,1,1.1,0.508,0.419,0.732,5,0.169
"363",362,30.6,0.578,31.2,9.7,9.3,27,0.817073170731707,79,29.7,13.6,3.8,0.5,3,0.574,0,0.524,18.6,0.283
"364",363,23.6,0.545,27.4,6.1,6.6,23,0.609756097560976,81,22.9,11.8,5,1.5,1.6,0.497,0.37,0.765,11.6,0.172
"365",364,25.8,0.596,28.1,4.6,4.6,29,0.634146341463415,79,21.7,9.5,1.6,0.5,3.7,0.551,0,0.711,12.9,0.226
"366",365,27.1,0.582,31.9,6.9,6.6,36,0.670731707317073,82,25.5,9.5,3.7,1,0.9,0.509,0.25,0.797,15.3,0.249
"367",366,24.8,0.555,28.7,6.1,5.9,23,0.646341463414634,74,23.2,12.4,3.2,0.9,2.2,0.49,0.091,0.761,13,0.218
"368",367,23.6,0.535,26.8,6.8,7.6,31,0.548780487804878,82,24.2,6.5,8.9,1.9,0.2,0.448,0.34,0.735,13.9,0.195
"369",368,20,0.496,34.4,2.6,3.3,24,0.597560975609756,70,28.4,3.8,4.7,2.1,0.1,0.421,0.341,0.713,6.9,0.116
"370",369,24.5,0.565,30.5,4.8,4.7,27,0.51219512195122,74,25.8,6.6,5.2,1.4,0.6,0.489,0.347,0.795,10.7,0.185
"371",370,23.4,0.53,28.2,5.9,5.7,26,0.536585365853659,75,24.5,10.5,4.6,1.6,1.7,0.483,0.284,0.751,10.7,0.179
"372",371,23.4,0.543,30,4.6,5.2,23,0.548780487804878,82,25.7,5.8,3.9,1.3,1.1,0.465,0.403,0.791,11.8,0.182
"373",372,18.4,0.498,20,4.1,4.1,26,0.646341463414634,67,14.3,7.2,10.1,2,0.4,0.409,0.337,0.829,8.5,0.156
"374",373,21.7,0.546,26.8,5.3,4.7,21,0.817073170731707,66,22.5,6.3,4.9,1.6,0.9,0.468,0.319,0.821,10.6,0.202
"375",374,19.5,0.542,23.9,4.4,4.2,31,0.5,82,16.2,3.3,6.1,2.1,0.1,0.433,0.34,0.911,8,0.149
"376",375,19.2,0.522,25.1,2.4,3.8,26,0.48780487804878,82,22.6,6.3,5.3,1.3,0.4,0.457,0.401,0.82,8.3,0.114
"377",376,17.3,0.603,20.5,3.3,4,34,0.682926829268293,81,18.1,3,2.3,1,0.3,0.448,0.408,0.919,10.1,0.162
"378",377,16.7,0.547,23.2,2.1,3.1,27,0.682926829268293,80,18.2,4.8,4,1.1,0.6,0.471,0.393,0.827,7.3,0.118
"379",378,24,0.518,35.9,4.8,5.1,25,0.682926829268293,71,31.1,3.8,4.6,2.5,0.3,0.42,0.32,0.814,11.8,0.19
"380",379,23.8,0.536,28.7,5.4,5.9,24,0.707317073170732,82,22.2,12.2,3,0.9,2.3,0.499,0.259,0.618,13.2,0.2
"381",380,30.2,0.574,31.6,7.3,6.8,28,0.682926829268293,74,28.7,12.7,3.7,0.6,2.8,0.572,0,0.513,14.9,0.245
"382",381,24.7,0.516,31.6,4.9,4.9,27,0.670731707317073,70,27.1,11.1,4.2,1.3,1.7,0.481,0.071,0.703,11,0.186
"383",382,23.9,0.531,27,5.7,6.2,24,0.573170731707317,81,22,11.4,5,1.4,1.8,0.477,0.288,0.764,11.8,0.176
"384",383,24.9,0.521,31.2,5.6,5.9,21,0.524390243902439,77,26.8,7.5,4.6,1.5,1.5,0.457,0.355,0.733,12.2,0.189
"385",384,24.7,0.572,30,5.9,5.8,37,0.646341463414634,81,23.2,8.3,4.5,1.1,0.8,0.498,0.4,0.793,13.1,0.217
"386",385,19.4,0.51,22.7,4.8,5.3,27,0.621951219512195,77,16.9,6.4,9.8,2.2,0.3,0.411,0.297,0.814,9.6,0.15
"387",386,24.5,0.552,31.8,4.2,4.4,22,0.682926829268293,68,28.5,5.9,5,1.7,0.6,0.464,0.305,0.853,11.3,0.196
"388",387,23.7,0.559,22.8,5.5,4.5,35,0.707317073170732,80,14.4,8.6,1.5,1,2.5,0.486,0,0.747,12.1,0.246
"389",388,22.9,0.61,24.4,5.6,6,25,0.634146341463415,82,22,5.2,4.6,1.5,0.2,0.48,0.433,0.888,13.7,0.211
"390",389,25,0.551,30.7,7,6.8,24,0.573170731707317,75,27.6,5.5,3.9,1.5,1.1,0.46,0.408,0.765,12.9,0.208
"391",390,22.3,0.563,30.6,3.2,4.1,23,0.439024390243902,82,25.3,6.4,3.1,1.7,0.8,0.454,0.383,0.745,10.4,0.16
"392",391,21.8,0.521,35.2,3.7,4.6,26,0.390243902439024,80,29.8,3.9,5.1,1.2,0.7,0.402,0.351,0.822,9.2,0.137
"393",392,18.2,0.521,24.9,2.3,3.7,27,0.646341463414634,82,21.5,5.2,4.4,1.4,0.4,0.458,0.346,0.775,8.5,0.119
"394",393,17.4,0.555,20,2.7,3.8,34,0.609756097560976,80,16.1,9.6,3.1,1,0.3,0.482,0,0.781,11.6,0.171
"395",394,22.3,0.61,18.8,3.5,3.3,38,0.646341463414634,82,11.5,2.8,8.7,1.6,0.3,0.504,0.462,0.817,10.8,0.216
"396",395,27,0.576,29,7.6,8.1,25,0.707317073170732,82,25.5,12.7,3.7,0.7,2.5,0.508,0.1,0.799,17.8,0.257
"397",396,19.1,0.484,22.5,5.1,5.4,28,0.634146341463415,82,14.7,7.3,9.9,2.1,0.2,0.391,0.321,0.814,8.9,0.14
"398",397,29.7,0.59,31.8,7,5.5,29,0.707317073170732,67,27.2,10.7,3,0.6,2,0.579,0,0.555,13.2,0.262
"399",398,25.1,0.532,31.1,6,5.9,22,0.536585365853659,76,25.6,7.9,5.3,1.6,1,0.451,0.364,0.748,11.5,0.189
"400",399,23.2,0.544,30.4,4.4,5,23,0.707317073170732,80,25.2,5.5,5.5,1.5,0.4,0.469,0.25,0.829,12.7,0.199
"401",400,22.9,0.526,27.2,4.6,5.5,33,0.548780487804878,82,22.1,4.8,9,1.6,0.3,0.467,0.314,0.797,12.6,0.183
"402",401,24.4,0.54,29,6.2,4.3,28,0.74390243902439,54,24.5,10.1,4.8,1.7,1.4,0.495,0.263,0.749,8.6,0.2
"403",402,24.1,0.599,25.5,4.7,4.8,23,0.695121951219512,76,23.4,9.9,2.4,1.1,1,0.477,0.397,0.853,13.4,0.222
"404",403,21.9,0.489,37.8,3.8,3.9,26,0.524390243902439,60,31.4,4.5,5.5,2.8,0.2,0.398,0.291,0.812,6.9,0.126
"405",404,18.6,0.522,10.5,5.9,5.9,27,0.609756097560976,80,7.6,13,1.4,1.7,3.5,0.531,0,0.423,11.6,0.19
"406",405,22.3,0.57,29.3,4.9,5.7,24,0.597560975609756,82,26.1,6.9,3.2,1.9,1,0.442,0.404,0.809,12.9,0.187
"407",406,23.8,0.536,26,6.7,7,25,0.609756097560976,81,21.2,12.1,5.2,1.2,1.6,0.47,0.319,0.801,12.8,0.194
"408",407,20.7,0.468,36,2.4,2.4,38,0.451219512195122,60,22.9,5.7,5.2,1.4,0.4,0.416,0.189,0.79,3.3,0.075
"409",408,20.7,0.602,23,2.3,3.1,27,0.695121951219512,82,17.9,3.1,7.7,0.6,0,0.483,0.455,0.887,9.9,0.167
"410",409,19,0.518,32.3,0.7,1.9,27,0.609756097560976,76,21.4,4.1,5.3,1,0.5,0.397,0.287,0.858,5.8,0.104
"411",410,14.9,0.513,19.7,-0.4,1.1,23,0.74390243902439,80,13.7,2.8,5,1.1,0.2,0.453,0.37,0.803,6.3,0.113
"412",411,23.6,0.586,21.1,6.2,6.2,22,0.475609756097561,80,18.2,11.6,2.4,1,2,0.527,0,0.742,13.6,0.216
"413",412,19.3,0.592,23.2,2.7,3.2,24,0.74390243902439,71,21.2,5.3,2.5,1.1,0.2,0.484,0.416,0.876,9.9,0.179
"414",413,26.9,0.564,28,7.4,7.6,26,0.731707317073171,81,23.3,12.9,3.9,0.7,2.9,0.513,0.273,0.71,16.5,0.248
"415",414,26.4,0.553,26.4,8.7,9,26,0.621951219512195,82,23,13.4,6,1.4,1.6,0.502,0.282,0.751,15.6,0.225
"416",415,26.2,0.55,32.9,6.4,7.1,24,0.609756097560976,82,30,6.9,5.9,2.2,0.8,0.451,0.383,0.843,14.9,0.21
"417",416,30.3,0.564,35.2,9.7,8.7,23,0.51219512195122,75,32.1,6.5,5.5,1.7,0.8,0.457,0.386,0.793,16.1,0.262
"418",417,29.5,0.602,30.2,6.3,5.3,30,0.609756097560976,67,27.5,11.1,3.1,0.6,2.4,0.574,0,0.622,13.2,0.25
"419",418,21.2,0.5,32.9,2.8,4.2,27,0.585365853658537,82,27.6,4.2,5.5,2.7,0.2,0.414,0.277,0.774,9.2,0.127
"420",419,25.6,0.581,27.4,5.7,6.1,24,0.731707317073171,80,25.1,9.9,3,1.4,1,0.463,0.379,0.881,16.1,0.249
"421",420,17.2,0.486,10.2,5.1,5.1,28,0.609756097560976,73,6.9,15.4,1.6,1.4,3.2,0.481,0.167,0.45,10.6,0.176
"422",421,22.2,0.526,25.9,6.9,6.7,29,0.597560975609756,80,18.7,6.3,8.9,2.2,0.3,0.414,0.341,0.841,11.3,0.182
"423",422,20.9,0.485,30.4,3.8,3.8,29,0.719512195121951,67,23,10.5,5.4,1.6,1.3,0.461,0.238,0.607,6.9,0.127
"424",423,18,0.507,27.1,2,3.3,30,0.573170731707317,82,21.6,6.1,5.6,1,0.2,0.422,0.389,0.848,9,0.13
"425",424,22.6,0.576,24.4,3.3,3.7,28,0.731707317073171,82,17.7,2.9,7.3,1,0.1,0.465,0.413,0.909,11.6,0.206
"426",425,22.7,0.532,33.2,4.2,4.9,25,0.536585365853659,79,25.9,7.3,4.4,1.8,0.8,0.416,0.302,0.802,10.1,0.157
"427",426,29.4,0.547,29.6,9.9,9.8,27,0.707317073170732,82,24.2,13.9,5,1.5,2.2,0.499,0.256,0.791,18.3,0.272
"428",427,27.1,0.534,29.7,7.3,5.9,27,0.695121951219512,69,22.3,12.4,3.1,0.9,2.7,0.501,0.167,0.599,13.1,0.249
"429",428,21.1,0.489,30.2,1.8,2.7,25,0.74390243902439,78,20.1,10,2.1,0.8,2.6,0.434,0.111,0.757,9,0.155
"430",429,21.8,0.624,23.9,3.7,4.7,26,0.670731707317073,81,24.2,6.3,2.1,1.3,0.2,0.48,0.433,0.927,13.5,0.198
"431",430,23.7,0.551,29.1,5.7,4.7,25,0.682926829268293,65,24,5.5,5.1,1.7,0.4,0.438,0.327,0.852,10.7,0.21
"432",431,24.4,0.578,26.3,5.4,4.6,31,0.682926829268293,67,21.5,11.5,2.9,0.5,2.5,0.584,0,0.49,9.9,0.192
"433",432,17.3,0.441,15.3,5.1,5.5,29,0.658536585365854,81,9.5,12.4,1.7,1.8,3,0.421,0.125,0.49,10.2,0.16
"434",433,19.7,0.485,24.6,4.5,4.1,30,0.573170731707317,67,15.5,6.4,9.2,1.8,0.2,0.384,0.321,0.827,7.2,0.141
"435",434,18.3,0.488,28.2,1.9,3.1,19,0.426829268292683,79,20.9,5.5,5.9,1.6,0.7,0.417,0.29,0.754,5.1,0.078
"436",435,22.8,0.566,27.2,4.3,4.5,34,0.707317073170732,81,19.8,3.3,7.3,1.3,0.2,0.488,0.398,0.873,12.1,0.205
"437",436,20.7,0.492,30.1,5.6,5.2,24,0.5,67,22.9,4.3,7.5,2.4,0.4,0.395,0.321,0.673,7.5,0.133
"438",437,22.5,0.561,24.5,3.4,4,25,0.634146341463415,77,21.8,8.7,2.7,1.2,1.4,0.462,0.341,0.877,11.5,0.19
"439",438,22.6,0.559,21.9,8.2,7.5,22,0.51219512195122,78,16.5,8.1,3.1,1.9,2.8,0.443,0.338,0.79,11.6,0.192
"440",439,17.6,0.509,28.5,0.1,1.6,19,0.524390243902439,82,21,6.1,2.8,1.2,0.5,0.426,0.322,0.777,6.1,0.098
"441",440,21.9,0.586,25.3,1.9,2.6,23,0.548780487804878,82,17.5,9,1.5,0.3,1.9,0.522,0,0.809,11.4,0.202
"442",441,19.9,0.544,26.3,2.2,3.2,24,0.5,82,21.7,5,2.3,1,0.1,0.44,0.35,0.868,9.7,0.154
"443",442,22,0.606,20.5,1.7,2.4,30,0.75609756097561,75,15.5,3.3,11.5,1,0.1,0.502,0.431,0.887,10.9,0.203
"444",443,27,0.583,30.5,5.6,4.7,32,0.719512195121951,73,22.9,10.4,2.7,0.5,2.3,0.601,0,0.461,11,0.211
"445",444,26.1,0.578,28.7,5.7,5.9,26,0.707317073170732,78,26.1,9.7,3.1,1.2,1.5,0.459,0.399,0.869,15.6,0.248
"446",445,27,0.54,28.9,6.4,4.7,28,0.719512195121951,66,20.3,11.1,2.7,0.7,2.6,0.496,0.333,0.67,11.2,0.245
"447",446,23.2,0.532,35,4.3,5,29,0.524390243902439,75,30.7,4,7.9,2.4,0.1,0.424,0.308,0.835,9,0.136
"448",447,25.7,0.554,29.7,8.3,8.8,20,0.51219512195122,80,27.2,7.4,7.2,2.2,0.7,0.472,0.351,0.75,14.3,0.203
"449",448,22.9,0.526,31.2,6.8,7,25,0.621951219512195,78,25.7,6.2,5.7,1.7,0.7,0.431,0.326,0.774,12,0.18
"450",449,23.1,0.561,30.9,4.4,4.8,23,0.719512195121951,77,24.1,5.2,6.8,1.6,1.1,0.478,0.289,0.762,11,0.177
"451",450,26.6,0.617,28.3,3.4,3.9,22,0.75609756097561,80,26,8.9,1.6,1,1.6,0.559,0.188,0.733,14.6,0.243
"452",451,20.9,0.555,28,3.7,4.4,29,0.634146341463415,78,23.9,4.4,3.7,1.1,0.1,0.428,0.376,0.883,10.7,0.168
"453",452,28.2,0.567,27.1,9.7,9.3,28,0.536585365853659,82,22.2,13.5,5.7,1.5,1.4,0.502,0.24,0.811,16.1,0.248
"454",453,21.3,0.565,27.3,4,4.9,23,0.548780487804878,80,25.5,4.7,5.1,1.7,0.3,0.431,0.365,0.814,11.5,0.169
"455",454,22.9,0.541,31.6,5.3,5.2,28,0.5,77,24.5,5.2,4.2,1.4,0.6,0.452,0.406,0.798,9.4,0.159
"456",455,15.5,0.512,15.9,1.3,2.3,35,0.219512195121951,82,10.8,9,2.2,0.9,0.6,0.446,0,0.864,6.9,0.118
"457",456,18,0.505,17.2,3.4,2.8,30,0.597560975609756,66,10.3,10,2.3,0.9,3,0.465,0,0.723,5.8,0.138
"458",457,21.7,0.556,21.3,4.9,5.5,26,0.75609756097561,81,19.4,11.3,1.9,2,1.5,0.476,0.334,0.833,12.5,0.191
"459",458,23.3,0.632,23.3,3.7,4,31,0.658536585365854,79,18.8,4.2,10.5,0.8,0.2,0.512,0.439,0.921,12.4,0.212
"460",459,28.1,0.568,33.6,9.3,9.5,21,0.609756097560976,79,31.4,7,6.6,1.6,0.8,0.48,0.335,0.738,16.3,0.232
"461",460,28.1,0.589,30,5.7,6,27,0.731707317073171,81,26.6,9,2.8,0.7,1,0.48,0.406,0.901,17.7,0.275
"462",461,28,0.559,38.7,5.8,6.5,27,0.548780487804878,80,35.4,5.3,4.5,1.8,0.4,0.45,0.347,0.85,15.3,0.224
"463",462,23.4,0.602,22.9,4.7,4.9,29,0.780487804878049,81,18.5,3.1,8.6,0.9,0.1,0.418,0.433,0.894,15.5,0.254
"464",463,27.6,0.577,32.5,7.5,7,24,0.634146341463415,75,27.2,5.7,6.7,1.9,0.8,0.495,0.171,0.783,14.4,0.239
"465",464,26.5,0.58,27.7,6.3,6.5,26,0.573170731707317,79,24.7,10,2.6,1,2.5,0.527,0.333,0.775,14.8,0.229
"466",465,23.1,0.523,27.7,4.6,4.6,29,0.768292682926829,80,18.6,11,3.2,0.9,2,0.484,0.4,0.629,10.8,0.187
"467",466,20.8,0.584,27.1,2.6,3.1,23,0.768292682926829,80,18.9,3.3,5.8,1,0.1,0.548,0.306,0.707,9.6,0.169
"468",467,25.9,0.543,35.8,3.5,4.3,30,0.463414634146341,72,33,3.2,7.4,1.9,0.1,0.447,0.323,0.814,10.6,0.165
"469",468,23.6,0.591,22.3,5.3,5.9,27,0.658536585365854,81,21.8,11.8,1.8,2,1.7,0.525,0.331,0.809,14.6,0.214
"470",469,27.6,0.605,28.9,6.7,6.2,28,0.817073170731707,78,24.6,8.9,3.4,0.7,0.8,0.502,0.416,0.904,16.3,0.278
"471",470,23.8,0.654,22.9,3.8,3.9,32,0.74390243902439,76,18.6,3.5,11.6,0.8,0.1,0.532,0.455,0.899,12.6,0.225
"472",471,26.1,0.58,33.6,4.7,5.3,28,0.51219512195122,77,31.6,5.7,5.4,1.4,0.5,0.463,0.344,0.868,13,0.199
"473",472,26.1,0.579,27.9,7.1,6.3,30,0.707317073170732,80,20,10.6,3.4,0.8,2.4,0.546,0.111,0.637,13,0.23
"474",473,24.5,0.552,31,7.4,7.6,22,0.609756097560976,78,27.3,6.7,6,1.6,0.7,0.476,0.319,0.698,13.7,0.206
"475",474,23.2,0.515,35,6.2,5.2,27,0.634146341463415,71,24.6,5.3,6.5,1.3,0.5,0.431,0.331,0.707,8.6,0.163
"476",475,22.6,0.577,26.7,2.6,3.1,22,0.573170731707317,69,22.6,10.7,2.5,0.6,1.3,0.496,0.343,0.785,9.6,0.174
"477",476,24,0.565,31.4,5,5.2,25,0.5,74,28.4,4.6,6,1.9,0.2,0.418,0.351,0.844,10.8,0.177
"478",477,24.1,0.588,26.5,4.6,4.3,25,0.621951219512195,74,20.9,11.7,3,0.9,0.3,0.561,0,0.685,9.9,0.185
"479",478,24.1,0.546,27.4,5,5.2,30,0.390243902439024,76,22.4,12.8,4.1,1.2,1.7,0.476,0.214,0.835,10.7,0.171
"480",479,21.3,0.591,21.5,4.4,4.1,30,0.646341463414634,70,17,3.4,7.2,1.2,0.2,0.427,0.345,0.883,11.4,0.216
"481",480,21.7,0.567,29.4,0.9,0.8,34,0.536585365853659,40,17.3,7.4,2,0.2,1.4,0.591,0,0.422,2.8,0.119
"482",481,28.9,0.583,34.7,8.4,5.1,25,0.536585365853659,51,27.4,4.7,7.5,2.1,1.2,0.491,0.266,0.807,8.8,0.219
"483",482,23.1,0.637,25.8,1.6,2.4,24,0.74390243902439,82,20.4,9.6,1,1,1.3,0.575,0,0.781,11.2,0.201
"484",483,22.1,0.552,33.4,2,2.5,22,0.548780487804878,65,28.9,6,3.8,1.2,0.4,0.476,0.268,0.808,7.3,0.14
"485",484,21,0.53,26.5,3.4,3.1,27,0.51219512195122,63,20.1,4.4,8.1,2.1,0.5,0.439,0.304,0.745,6.4,0.139
"486",485,21.4,0.572,27.4,2.7,3,24,0.707317073170732,77,18.6,3.2,5.5,1.1,0.1,0.52,0.395,0.783,9.6,0.185
"487",486,24.2,0.576,31.4,5.4,6,29,0.695121951219512,82,28.3,6.3,5.4,1.8,0.5,0.459,0.361,0.84,13.8,0.208
"488",487,28.3,0.576,25.7,9.2,8.5,22,0.682926829268293,80,21.1,4,11.6,2.7,0.1,0.488,0.369,0.851,17.8,0.284
"489",488,25.3,0.588,25.5,7.4,5.5,31,0.804878048780488,71,18.8,9.2,3.4,1.4,1.3,0.539,0,0.801,12.9,0.265
"490",489,29.1,0.568,33.5,11.2,10.1,23,0.548780487804878,75,30,7.9,7.2,1.8,1.1,0.484,0.315,0.712,15.2,0.242
"491",490,22.9,0.619,24.2,2.2,3.3,22,0.634146341463415,82,20.7,14.2,1.3,0.9,2.1,0.599,0,0.59,12.9,0.2
"492",491,27.6,0.656,28.2,3.9,4,25,0.670731707317073,79,25.2,9.1,1.5,0.8,2.1,0.59,0.161,0.805,14.6,0.262
"493",492,24.4,0.546,28.2,4.7,4.5,31,0.682926829268293,78,19.3,11.3,2.8,0.7,1.9,0.497,0,0.73,11.1,0.201
"494",493,18.4,0.487,30.4,2.4,2.7,28,0.670731707317073,66,21.6,5.1,5.9,1,0.5,0.419,0.292,0.684,5.8,0.115
"495",494,21.1,0.641,22,1.6,2.6,33,0.670731707317073,81,16.9,3.5,11.1,0.7,0.1,0.504,0.47,0.906,10.5,0.181
"496",495,24.3,0.612,28.7,8.1,5.9,30,0.682926829268293,74,19.5,4.8,4.5,1.5,0.4,0.46,0.401,0.86,11.1,0.232
"497",496,24.6,0.585,28.8,5.2,5,29,0.621951219512195,77,23.6,8.6,3.5,0.7,0.9,0.479,0.359,0.879,12.9,0.223
"498",497,20.8,0.595,23.1,2.1,3.2,23,0.658536585365854,82,18.8,3,10.5,1.1,0.3,0.507,0.395,0.803,11.3,0.177
"499",498,21.1,0.568,30.2,1.6,2.6,23,0.609756097560976,77,25.7,7.4,3.4,1.3,0.5,0.492,0.354,0.786,8.2,0.14
"500",499,21.9,0.581,26.6,3.2,3.7,26,0.658536585365854,81,21.1,10.4,2.9,1.2,0.5,0.547,0,0.738,10.2,0.173
"501",500,20.3,0.525,25.9,0.3,1.8,31,0.524390243902439,79,21.4,10.2,1.5,1.3,0.4,0.436,0.339,0.76,9.2,0.144
"502",501,19.6,0.599,24.8,4.7,4.9,30,0.804878048780488,80,19.6,5.1,4.5,1.3,0.5,0.464,0.392,0.843,12.4,0.207
"503",502,17.2,0.523,20.5,4,3.6,33,0.719512195121951,77,12.7,6.6,1.8,1.2,1.7,0.432,0.356,0.767,7.6,0.155
"504",503,31.7,0.591,33.8,13,11.6,24,0.804878048780488,81,28.4,7.6,7.2,1.7,1.1,0.489,0.344,0.78,20.3,0.318
"505",504,24.4,0.561,32.2,4.5,4.9,30,0.792682926829268,82,26.8,5.2,4.9,1.5,0.5,0.467,0.351,0.856,12.7,0.206
"506",505,30.4,0.574,36.2,10.7,9.7,27,0.524390243902439,79,30.2,5,7.5,2.2,1.3,0.491,0.317,0.765,14.7,0.232
"507",506,25.4,0.6,26.1,4.4,4.6,23,0.719512195121951,79,20.6,13.8,1.4,1,2.9,0.572,0,0.594,13.8,0.234
"508",507,30,0.599,27.5,11.2,10,23,0.597560975609756,78,22.8,5.5,11,2.8,0.1,0.503,0.364,0.868,18.3,0.292
"509",508,18.8,0.592,21.7,2.5,3.2,32,0.5,79,17.7,3,6.4,1.2,0.2,0.418,0.408,0.913,10.1,0.174
"510",509,17.7,0.582,25.4,2.5,3.4,31,0.75609756097561,81,20.5,5.6,3.6,1,0.3,0.457,0.391,0.83,10.3,0.164
"511",510,23.4,0.556,31.7,3.1,3.2,26,0.658536585365854,72,22,3.1,6.9,0.9,0.1,0.506,0.292,0.782,8.6,0.168
"512",511,24,0.573,27.4,5.8,5.7,24,0.658536585365854,78,22.6,4.7,5.1,1.1,0.3,0.48,0.377,0.824,13.5,0.223
"513",512,23.1,0.564,30.3,1.2,2.4,30,0.609756097560976,81,25.9,8.4,2.4,0.8,0.8,0.479,0.359,0.89,10.9,0.171
"514",513,24.4,0.549,28.5,4.6,4.2,32,0.658536585365854,75,19.3,10.7,3.5,0.5,1.7,0.504,0,0.692,10.1,0.191
"515",514,22.7,0.618,26.2,3,3.3,28,0.646341463414634,77,19.7,9.9,1.8,0.4,1.9,0.548,1,0.866,10.6,0.196
"516",515,31.1,0.604,33.5,12.5,10.9,25,0.74390243902439,76,29.7,7.3,8.6,1.6,1,0.503,0.333,0.767,18.5,0.299
"517",516,26.2,0.607,32,5.1,5.8,21,0.609756097560976,82,30.1,7.6,2.8,1.4,1,0.476,0.365,0.9,16.1,0.238
"518",517,21.9,0.545,32.3,3.6,4,31,0.695121951219512,73,27,5.4,5,1.5,0.3,0.456,0.329,0.811,9.4,0.16
"519",518,24,0.63,23.9,5.5,5.4,24,0.719512195121951,82,18.3,13.2,1.8,0.9,2.8,0.612,0,0.592,13.2,0.223
"520",519,28,0.562,34.9,9.4,8,28,0.573170731707317,77,26.6,4.8,6.5,1.8,1.1,0.476,0.3,0.761,13,0.224
"521",520,22.2,0.548,33.4,1.4,2.3,25,0.646341463414634,69,28.2,6.6,3.2,1.3,0.4,0.458,0.316,0.83,7.9,0.145
"522",521,22.9,0.578,28.8,2.6,3.5,31,0.670731707317073,81,25,7.7,2.7,0.9,1,0.481,0.421,0.915,12.3,0.194
"523",522,21.6,0.615,22.9,1.8,2.6,35,0.658536585365854,81,16.5,3.3,11,0.5,0.1,0.507,0.426,0.938,9.9,0.178
"524",523,20.6,0.574,23.8,3.3,3.7,25,0.646341463414634,76,18.7,4,10.5,1.3,0.2,0.469,0.371,0.801,10.3,0.177
"525",524,22.6,0.615,27.3,0.3,1.6,27,0.658536585365854,82,23.1,8.9,1,0.6,1,0.557,0.167,0.771,10.7,0.181
"526",525,22.5,0.584,25.8,6.3,4.5,32,0.609756097560976,75,16.5,3.8,4.9,1.4,0.3,0.441,0.377,0.87,9.7,0.216
"527",526,20.2,0.601,24.3,3.1,3.2,33,0.646341463414634,73,19.5,3.1,5.6,1.1,0.1,0.418,0.386,0.91,9.5,0.182
"528",527,25,0.592,28.7,2.3,2.7,25,0.48780487804878,70,24,10.8,2.4,0.6,1,0.518,0.364,0.797,9.6,0.182
"529",528,15.6,0.518,27.5,0.8,2.2,31,0.5,81,20.6,5,3.7,1.6,0.5,0.423,0.328,0.779,5,0.077
"530",529,19.3,0.538,26.3,2.2,3,28,0.646341463414634,76,21.3,4.6,4.9,1.1,0.1,0.458,0.369,0.818,8.4,0.14
"531",530,23.5,0.55,32.2,5.9,6,22,0.75609756097561,81,25,4.1,7.7,1,0.6,0.445,0.332,0.858,13.1,0.208
"532",531,26.1,0.616,27.2,4.8,5,25,0.634146341463415,78,22.9,14.1,1.4,1.4,2.4,0.593,0,0.596,14.4,0.235
"533",532,27.3,0.594,31.5,8.6,8.2,26,0.707317073170732,79,26.7,7.5,7,1.6,0.6,0.51,0.33,0.759,15.6,0.244
"534",533,23.9,0.548,35.1,3.8,4.1,32,0.695121951219512,82,25.3,5.1,4.7,1.2,0.1,0.451,0.323,0.828,10.3,0.178
"535",534,23.6,0.589,30.6,2.9,3.7,22,0.670731707317073,78,27.7,6.8,2.7,1.1,1,0.462,0.35,0.88,12,0.189
"536",535,23.4,0.612,28.2,3.8,3.7,32,0.695121951219512,73,23,7,2.6,0.5,0.6,0.517,0.393,0.892,11.1,0.213
"537",536,25.6,0.581,31.6,5.9,5.7,29,0.707317073170732,76,25.5,6.4,4.6,1.5,1.1,0.5,0.306,0.758,12.8,0.218
"538",537,21.7,0.581,26,5.3,4.5,33,0.74390243902439,80,17.4,3.7,4.9,1.5,0.4,0.433,0.349,0.871,9.9,0.195
"539",538,22.7,0.565,30.9,0.7,1.9,28,0.51219512195122,78,25.3,8.2,2.6,0.9,1.9,0.502,0.435,0.792,8,0.134
"540",539,21.9,0.549,27.3,3.2,4,21,0.390243902439024,82,22.5,12.1,3.8,0.8,0.5,0.506,0.292,0.642,9.8,0.152
"541",540,17.1,0.495,18.3,2,2.5,24,0.682926829268293,68,10.6,4.4,11.2,2.3,0.2,0.475,0.233,0.568,6.6,0.126
"542",541,20.4,0.569,25.5,1.7,2.4,28,0.74390243902439,78,17.5,3.1,6.6,1.2,0,0.519,0.357,0.769,8.2,0.156
"543",542,23.7,0.578,21.1,6.4,6.1,25,0.560975609756098,80,15.9,4.1,9.8,2.4,0.1,0.463,0.388,0.878,13.9,0.232
"544",543,30.7,0.605,32,11,7.6,27,0.696969696969697,62,27.1,7.9,6.2,1.9,0.8,0.531,0.362,0.771,14.5,0.298
"545",544,26.2,0.61,31.3,5.2,4.6,23,0.712121212121212,66,28,8,3.5,1.3,1.2,0.496,0.387,0.86,12.2,0.23
"546",545,27,0.581,24.3,7.9,5.4,26,0.606060606060606,60,19.8,3.6,9.1,2.5,0.1,0.478,0.371,0.861,12.7,0.278
"547",546,21.9,0.527,35.7,2.3,2.4,33,0.621212121212121,58,27.9,5.4,4.6,1.2,0.3,0.43,0.303,0.845,6.2,0.132
"548",547,22,0.539,27.7,1.7,1.8,29,0.757575757575758,60,18.3,2.9,7.7,1,0.1,0.48,0.23,0.799,7.1,0.177
"549",548,25.4,0.568,28.8,4.5,3.5,23,0.393939393939394,55,26,13.3,2,0.9,0.5,0.448,0.372,0.824,10,0.223
"550",549,24.2,0.569,26.1,3.8,3,26,0.560606060606061,54,20.6,14.5,1.9,1.5,2.1,0.573,0,0.491,7.7,0.179
"551",550,17.5,0.483,20.7,1.3,1.6,25,0.590909090909091,53,11.9,4.8,11.7,1.8,0.1,0.448,0.238,0.597,4.9,0.121
"552",551,20.3,0.625,19.6,-0.5,0.7,37,0.5,62,12.5,3,10.7,0.6,0.1,0.532,0.39,0.894,5.9,0.144
"553",552,26.3,0.559,31.3,6.3,3.4,30,0.696969696969697,49,22.1,4.8,4.6,1.7,1.3,0.497,0.268,0.791,7.7,0.227
"554",553,23,0.532,30.5,4.9,2.4,23,0.757575757575758,39,21.8,3.4,7.9,0.9,0.7,0.435,0.312,0.812,6,0.211
"555",554,21.7,0.564,29.2,1.8,2,33,0.545454545454545,62,21.6,6.7,2.2,0.7,0.5,0.457,0.368,0.896,7.6,0.175
"556",555,22.9,0.538,32.7,3.2,3,23,0.712121212121212,66,23.6,4.6,5.5,1.7,0.3,0.457,0.316,0.823,7.9,0.163
"557",556,22.5,0.531,26.2,2.4,1.8,35,0.757575757575758,58,15.4,9,2.3,0.7,1.5,0.492,0,0.695,5.9,0.174
"558",557,18.4,0.557,24.9,2.1,2.2,30,0.606060606060606,60,18.8,3.7,3.9,0.8,0.2,0.454,0.388,0.849,6.4,0.145
"559",558,31.6,0.64,30.2,11.6,9.8,28,0.804878048780488,76,26.8,8,7.3,1.7,0.9,0.565,0.406,0.753,19.3,0.322
"560",559,28.3,0.647,29.8,7.7,7.6,24,0.731707317073171,81,28.1,7.9,4.6,1.4,1.3,0.51,0.416,0.905,18.9,0.291
"561",560,24.8,0.56,35.6,2.4,2.8,28,0.658536585365854,67,28.7,6.9,2.6,0.8,0.5,0.449,0.379,0.83,9.5,0.184
"562",561,26.4,0.594,22.6,7.5,5.6,27,0.682926829268293,70,16.9,3.7,9.7,2.4,0.1,0.481,0.328,0.885,13.9,0.287
"563",562,23,0.57,31.9,4.7,5.1,34,0.548780487804878,78,27.3,5.6,6,1.4,0.3,0.463,0.324,0.839,10.9,0.174
"564",563,23,0.588,27.7,2.7,2.6,30,0.707317073170732,66,20.3,3,7.6,0.8,0.1,0.522,0.353,0.845,9.3,0.206
"565",564,24.4,0.554,27.8,4.1,3.2,36,0.707317073170732,69,17.8,9.9,2.7,0.7,2.7,0.502,0.286,0.817,8.3,0.191
"566",565,23,0.6,29,5.5,5.7,23,0.548780487804878,78,25.9,4.9,5.8,1.8,0.5,0.438,0.368,0.851,12.8,0.206
"567",566,23.9,0.532,32.8,5,5.1,24,0.731707317073171,82,23.2,5.2,7.4,1.8,0.3,0.438,0.323,0.8,11.6,0.195
"568",567,24,0.571,29.5,3.9,3.5,31,0.804878048780488,69,21.2,5,5.1,1.9,0.8,0.521,0.258,0.725,9.6,0.192
"569",568,21.3,0.589,26.4,5.4,5.6,24,0.573170731707317,78,22.9,4,6.9,1.6,0.2,0.451,0.453,0.9,11.2,0.18
"570",569,19.2,0.535,24.5,1,1.5,36,0.506172839506173,68,14.8,7.8,2.3,1.1,0.9,0.496,0.125,0.786,5.6,0.133
"571",570,19.5,0.559,19.2,6.1,5.7,28,0.682926829268293,80,14.1,7.8,4,1,1.7,0.494,0.071,0.848,11.5,0.197
"572",571,17.9,0.549,22.3,1.4,2.2,25,0.695121951219512,73,16.7,2.7,6.9,1.5,0.1,0.461,0.366,0.756,7.4,0.141
"573",572,19.2,0.561,23.2,2.5,3.3,29,0.573170731707317,79,18.5,11.2,3.5,0.8,0.3,0.519,0,0.797,9.1,0.15
"574",573,18.1,0.534,17.2,5.2,4.4,27,0.548780487804878,66,11.9,11.1,4,1.2,2.1,0.481,0,0.751,7.3,0.145
"575",574,29.8,0.635,33,8.8,8.5,25,0.719512195121951,81,32,7.4,5.5,1.3,0.7,0.503,0.391,0.873,19.2,0.295
"576",575,29.3,0.649,31,8.9,8,29,0.658536585365854,77,27.1,6.9,6.3,1.6,0.3,0.567,0.379,0.75,15.9,0.264
"577",576,23.9,0.583,29,4.6,4.8,24,0.695121951219512,80,24.1,9.5,3.9,1.2,0.6,0.528,0.273,0.715,12.2,0.205
"578",577,20,0.531,18.7,6.6,6.1,28,0.585365853658537,80,12.6,11.3,5.4,1.2,1.5,0.475,0,0.737,11.2,0.19
"579",578,23.5,0.618,27.8,5.7,5.4,24,0.658536585365854,73,25.4,4.7,6.1,1.6,0.4,0.456,0.366,0.866,12.8,0.221
"580",579,24.1,0.61,28.3,7.4,6.7,25,0.621951219512195,78,24,4.3,8.5,1.6,0.2,0.471,0.424,0.885,13.4,0.225
"581",580,25.9,0.58,23.7,7.4,5.2,28,0.695121951219512,62,19.1,4.3,10.7,2.5,0.1,0.467,0.368,0.855,12.2,0.27
"582",581,22.7,0.532,29.3,1.8,2.5,29,0.524390243902439,73,21.8,10.8,2.1,0.9,1.1,0.509,0.2,0.69,7.8,0.146
"583",582,20.1,0.555,28.3,4.7,4.9,23,0.682926829268293,80,21.7,6.8,3.5,1.9,0.3,0.424,0.364,0.864,10.8,0.178
"584",583,21.8,0.507,29.8,0.3,1.5,28,0.658536585365854,69,23.2,11.1,2.6,0.9,1,0.458,0.2,0.822,7.5,0.144
"585",584,26.9,0.591,28.8,8.4,7.3,25,0.48780487804878,77,26.1,12.5,4.4,0.8,0.5,0.457,0.376,0.821,14.3,0.245
"586",585,21.3,0.535,25.2,3.2,2.8,37,0.75609756097561,74,15.1,9.7,3,0.6,1.9,0.49,0,0.731,7.4,0.164
"587",586,18.9,0.555,26.5,-0.5,0.8,31,0.75609756097561,68,16.7,2.3,5.7,0.5,0.1,0.499,0.373,0.811,5.9,0.141
"588",587,23.6,0.603,26.9,3.3,3.5,35,0.597560975609756,80,21.7,6.2,2.7,0.9,0.6,0.497,0.398,0.899,10.9,0.199
"589",588,24.4,0.561,32.4,3.6,4.2,29,0.451219512195122,77,27.4,8.1,3.1,1.2,0.7,0.452,0.402,0.848,10.7,0.172
"590",589,21.4,0.604,24.5,3.9,4,27,0.585365853658537,76,20.3,3.2,5.9,1.4,0.3,0.505,0.408,0.76,10.3,0.186
"591",590,20,0.545,24.6,3.4,3.3,26,0.609756097560976,73,17.2,2.9,6,1.5,0.2,0.45,0.361,0.815,8.2,0.161
"592",591,28,0.638,28.9,9.9,7.9,26,0.817073170731707,80,23.8,4.3,7.7,2,0.2,0.487,0.443,0.914,15.7,0.288
"593",592,26.7,0.605,31.3,8.4,7.8,25,0.682926829268293,81,27.4,5.7,7,1.9,0.7,0.44,0.375,0.868,16.4,0.265
"594",593,25.9,0.577,32.3,7.4,5.9,30,0.646341463414634,69,25.3,6,7.4,1.6,0.7,0.488,0.354,0.71,10.4,0.199
"595",594,29.1,0.536,38.4,11,7.6,26,0.548780487804878,67,28.1,7.3,8.6,2.1,0.2,0.426,0.299,0.835,10.6,0.222
"596",595,30.8,0.591,27.8,7.1,5.7,21,0.548780487804878,68,24.4,10.2,2.2,1.5,2.9,0.535,0.083,0.805,14,0.274
"597",596,26,0.596,23.7,7.5,6.9,29,0.682926829268293,82,19.1,4.6,10.2,1.9,0.2,0.485,0.398,0.9,16.1,0.27
"598",597,22.8,0.528,30.2,0.3,1.4,29,0.621951219512195,71,23.4,10.2,1.7,0.7,1,0.466,0.352,0.845,8.6,0.165
"599",598,21.7,0.558,24.6,4.8,4.6,30,0.670731707317073,81,17.4,7.8,3.8,0.9,1.6,0.494,0.176,0.795,10.2,0.182
"600",599,22.8,0.551,28.4,4.1,3.6,25,0.682926829268293,67,21.9,7.6,5.3,0.9,0.5,0.502,0.4,0.728,9,0.183
"601",600,22.6,0.56,22.2,5.5,4.2,38,0.670731707317073,77,13.9,9.1,3,0.8,2,0.512,0.286,0.74,9.6,0.207
"602",601,22,0.567,23,6.1,4.1,23,0.670731707317073,64,16.5,7.2,2.5,2.3,0.8,0.479,0.349,0.802,8.6,0.204
"603",602,20.8,0.591,27.6,2.7,2.9,24,0.817073170731707,77,21.7,3.2,2.9,1.1,0.8,0.463,0.439,0.879,8.8,0.172
"604",603,31.5,0.669,32.6,12.5,9.8,27,0.890243902439024,79,30.1,5.4,6.7,2.1,0.2,0.504,0.454,0.908,17.9,0.318
"605",604,26,0.616,25.8,8.3,6.2,24,0.817073170731707,72,21.2,6.8,2.6,1.8,1,0.506,0.443,0.874,13.7,0.277
"606",605,27.5,0.588,31.4,9.1,7.6,31,0.695121951219512,76,25.3,7.4,6.8,1.4,0.6,0.52,0.309,0.731,13.6,0.242
"607",606,27.6,0.554,31.6,10,8.3,27,0.670731707317073,80,23.5,7.8,10.4,2,0.3,0.454,0.296,0.812,14,0.245
"608",607,28.2,0.634,30.6,7.9,6.4,27,0.670731707317073,72,28.2,8.2,5,1,1.2,0.505,0.387,0.898,14.5,0.27
"609",608,26.2,0.575,27.1,7.8,6,30,0.646341463414634,74,19.5,4.2,10,2.1,0.2,0.462,0.371,0.896,12.7,0.253
"610",609,19.3,0.587,18.8,5.8,5.5,25,0.890243902439024,81,14,9.5,7.4,1.5,1.4,0.49,0.388,0.696,11.1,0.19
"611",610,22.2,0.56,31.3,3.7,3.8,25,0.536585365853659,75,25.1,4,6.8,0.9,0.4,0.419,0.375,0.892,9.2,0.165
"612",611,25.3,0.598,32.5,6.7,6.9,26,0.5,82,29,6.1,7.5,1.7,0.6,0.439,0.359,0.86,13.3,0.204
"613",612,22.2,0.578,26.1,6.8,6.3,29,0.682926829268293,77,21.2,4.7,6.4,2.1,0.4,0.427,0.388,0.811,11.6,0.196
"614",613,30.6,0.554,41.7,15.6,12.4,28,0.573170731707317,81,31.6,10.7,10.4,1.6,0.4,0.425,0.343,0.845,13.1,0.224
"615",614,27.4,0.613,34.2,10.1,9,27,0.670731707317073,81,29.1,8.1,11.2,1.5,0.5,0.44,0.347,0.847,15,0.245
"616",615,27.6,0.61,31.1,7.9,6.2,25,0.74390243902439,74,25.5,5.8,3.5,1.8,0.7,0.485,0.38,0.88,13.6,0.264
"617",616,27,0.619,30,8.4,7.3,32,0.621951219512195,74,26.4,8.6,8.7,1.2,0.6,0.548,0.363,0.674,12.9,0.221
"618",617,26.5,0.625,34,5.4,4.8,27,0.646341463414634,76,28.9,2.7,5.9,0.9,0.2,0.463,0.379,0.909,12.5,0.234
"619",618,24.6,0.624,30.1,7.3,6.2,28,0.817073170731707,79,25.3,4.5,6.6,1.8,0.2,0.468,0.411,0.898,12.6,0.229
"620",619,26.1,0.599,28.3,7.6,6.9,22,0.51219512195122,80,22.9,8.8,5.4,1.6,1.9,0.521,0.272,0.77,12.4,0.21
"621",620,23.2,0.541,30.6,4.1,4.3,26,0.597560975609756,78,23.1,4.2,10.7,2,0.6,0.451,0.327,0.801,8.8,0.149
"622",621,27.5,0.58,32.6,3.7,3.9,23,0.414634146341463,75,28,11.8,2.1,1.3,2.2,0.505,0.299,0.802,11,0.195
"623",622,27.6,0.651,27.8,8,5.2,28,0.817073170731707,62,25.1,8.3,4.8,1.1,1.6,0.537,0.375,0.875,12,0.278
"624",623,24,0.552,34.3,0.9,1.9,27,0.621951219512195,74,27.3,5.2,3.9,1.1,0.2,0.467,0.266,0.842,9,0.166
"625",624,29.8,0.619,36.1,10.9,8.3,28,0.792682926829268,72,30.4,5.4,8.8,1.8,0.7,0.449,0.367,0.858,15.4,0.289
"626",625,28.6,0.621,31.6,9.6,8.9,33,0.609756097560976,82,27.5,8.6,9.1,1.4,0.9,0.542,0.367,0.731,14,0.221
"627",626,28.9,0.612,30,5.2,4.9,24,0.585365853658537,75,28.1,11.1,2.3,1.5,2.6,0.534,0.34,0.828,13.7,0.241
"628",627,25.2,0.594,30.6,6.7,5.9,27,0.597560975609756,73,26.9,4.5,6.6,1.1,0.4,0.439,0.361,0.916,12.6,0.227
"629",628,24.7,0.524,34.1,8.2,7.5,29,0.585365853658537,80,25.4,10.1,10.3,1.8,0.3,0.449,0.298,0.737,10.1,0.166
"630",629,27.3,0.598,31.2,5.8,5.4,23,0.536585365853659,75,26.9,10,4.8,1.5,1.4,0.529,0.307,0.76,11.9,0.207
"631",630,26,0.64,30.4,5.6,4.5,29,0.707317073170732,68,26.4,6.8,5.4,0.7,1.8,0.516,0.419,0.889,10.4,0.215
"632",631,21,0.555,29.6,1.8,2.6,28,0.719512195121951,80,23,3.9,5.2,1.1,0.3,0.456,0.31,0.825,9.6,0.17
"633",632,25,0.57,29.1,3.3,3.3,32,0.573170731707317,75,23.1,8.5,2,0.6,1.2,0.51,0.293,0.837,10.9,0.209
"634",633,23.7,0.59,24.9,5,3.8,28,0.573170731707317,59,22.2,5.3,4.9,2,0.4,0.474,0.35,0.854,8.9,0.198
"635",634,28.2,0.675,31,8.6,4.4,29,0.707317073170732,51,26.4,5.1,6.1,1.6,0.2,0.495,0.423,0.921,9.1,0.267
"636",635,22.9,0.573,33.4,2.6,2.2,23,0.634146341463415,63,22.9,11,3.2,0.6,1.8,0.483,0.308,0.769,6.2,0.155
"637",636,23.1,0.577,30.1,4.9,4.5,25,0.585365853658537,75,23.1,5.2,4.3,2.4,0.8,0.477,0.371,0.799,8.2,0.155
"638",637,30.9,0.644,32.3,10.8,7.6,24,0.731707317073171,72,27.7,12.5,5.9,1.3,1.5,0.578,0.256,0.729,14.4,0.292
"639",638,30.6,0.616,40.5,11.7,9.9,29,0.646341463414634,78,36.1,6.6,7.5,2,0.7,0.442,0.368,0.879,15.2,0.254
"640",639,23.3,0.583,29.5,5.5,5.3,28,0.597560975609756,77,28,8.2,4.1,2.2,0.4,0.438,0.386,0.839,11.9,0.201
"641",640,26.3,0.589,27.4,9.5,7.3,23,0.658536585365854,80,20.1,10.8,7.3,1.4,0.7,0.511,0.307,0.821,11.8,0.226
"642",641,24.4,0.641,30.4,6.3,4.9,30,0.695121951219512,69,27.3,5.3,5.2,1.3,0.4,0.472,0.437,0.916,9.7,0.199
"643",642,23.7,0.588,29.3,5.5,5.4,28,0.646341463414634,80,25.8,4.6,6.9,1.1,0.4,0.444,0.369,0.912,12.1,0.205
"644",643,26.1,0.593,33.3,4.1,3.3,24,0.621951219512195,64,27.5,13.6,3.7,0.7,1.9,0.484,0.3,0.804,8.7,0.194
"645",644,24.2,0.631,29,4.3,4.3,30,0.695121951219512,78,26,6.4,5.9,0.7,1.1,0.521,0.353,0.885,11.5,0.204
"646",645,25.8,0.606,30.3,5,3.6,27,0.707317073170732,60,26.6,7.3,3.3,1.8,0.4,0.496,0.371,0.854,9.5,0.224
"647",646,21.1,0.501,30.9,6.5,5.6,30,0.597560975609756,73,22.9,11.1,10.7,1.9,0.5,0.428,0.29,0.656,6.8,0.124
"648",647,24.6,0.682,17.8,7,5.9,26,0.609756097560976,81,15.9,12.9,2,0.8,2.3,0.669,0,0.636,14.4,0.268
"649",648,25.6,0.588,31.6,8.1,4.9,34,0.451219512195122,55,27.4,8.5,8.3,1.3,0.6,0.51,0.339,0.665,7.2,0.179
