,year,startdate,enddate,frost_season,growing_season,city,rank
0,1950,1/6/51,3/11/51,64 days 00:00:00.000000000,301,Stockton,96
1,1951,12/7/51,3/20/52,104 days 00:00:00.000000000,261,Stockton,96
2,1952,11/17/52,3/14/53,117 days 00:00:00.000000000,248,Stockton,96
3,1953,12/12/53,3/14/54,92 days 00:00:00.000000000,273,Stockton,96
4,1954,11/18/54,3/21/55,123 days 00:00:00.000000000,242,Stockton,96
5,1955,11/24/55,3/7/56,104 days 00:00:00.000000000,261,Stockton,96
6,1956,11/20/56,2/5/57,77 days 00:00:00.000000000,288,Stockton,96
7,1957,11/23/57,3/1/58,98 days 00:00:00.000000000,267,Stockton,96
8,1958,11/16/58,2/9/59,85 days 00:00:00.000000000,280,Stockton,96
9,1959,11/15/59,3/2/60,108 days 00:00:00.000000000,257,Stockton,96
10,1960,12/6/60,3/7/61,91 days 00:00:00.000000000,274,Stockton,96
11,1961,11/17/61,2/28/62,103 days 00:00:00.000000000,262,Stockton,96
12,1962,11/30/62,3/18/63,108 days 00:00:00.000000000,257,Stockton,96
13,1963,12/10/63,4/24/64,136 days 00:00:00.000000000,229,Stockton,96
14,1964,11/16/64,2/12/65,88 days 00:00:00.000000000,277,Stockton,96
15,1965,11/28/65,3/17/66,109 days 00:00:00.000000000,256,Stockton,96
16,1966,12/27/66,3/5/67,68 days 00:00:00.000000000,297,Stockton,96
17,1967,12/9/67,1/28/68,50 days 00:00:00.000000000,315,Stockton,96
18,1968,11/29/68,3/14/69,105 days 00:00:00.000000000,260,Stockton,96
19,1969,11/18/69,2/19/70,93 days 00:00:00.000000000,272,Stockton,96
20,1970,12/24/70,3/6/71,72 days 00:00:00.000000000,293,Stockton,96
21,1971,11/17/71,2/3/72,78 days 00:00:00.000000000,287,Stockton,96
22,1972,12/5/72,1/27/73,53 days 00:00:00.000000000,312,Stockton,96
23,1973,1/2/74,2/9/74,38 days 00:00:00.000000000,327,Stockton,96
24,1974,11/28/74,2/23/75,87 days 00:00:00.000000000,278,Stockton,96
25,1975,11/19/75,4/17/76,150 days 00:00:00.000000000,215,Stockton,96
26,1976,11/28/76,3/14/77,106 days 00:00:00.000000000,259,Stockton,96
27,1977,11/19/77,1/24/78,66 days 00:00:00.000000000,299,Stockton,96
28,1978,11/12/78,2/4/79,84 days 00:00:00.000000000,281,Stockton,96
29,1979,12/12/79,2/8/80,58 days 00:00:00.000000000,307,Stockton,96
30,1980,11/14/80,2/1/81,79 days 00:00:00.000000000,286,Stockton,96
31,1981,12/11/81,2/24/82,75 days 00:00:00.000000000,290,Stockton,96
32,1982,12/9/82,1/20/83,42 days 00:00:00.000000000,323,Stockton,96
33,1983,12/21/83,2/26/84,67 days 00:00:00.000000000,298,Stockton,96
34,1984,11/26/84,3/9/85,103 days 00:00:00.000000000,262,Stockton,96
35,1985,11/12/85,2/9/86,89 days 00:00:00.000000000,276,Stockton,96
36,1986,11/30/86,3/20/87,110 days 00:00:00.000000000,255,Stockton,96
37,1987,11/26/87,2/7/88,73 days 00:00:00.000000000,292,Stockton,96
38,1988,12/11/88,2/14/89,65 days 00:00:00.000000000,300,Stockton,96
39,1989,11/28/89,2/20/90,84 days 00:00:00.000000000,281,Stockton,96
40,1990,11/24/90,2/1/91,69 days 00:00:00.000000000,296,Stockton,96
41,1991,12/1/91,2/4/92,65 days 00:00:00.000000000,300,Stockton,96
42,1992,11/30/92,1/30/93,61 days 00:00:00.000000000,304,Stockton,96
43,1993,11/24/93,2/12/94,80 days 00:00:00.000000000,285,Stockton,96
44,1994,11/19/94,12/31/94,42 days 00:00:00.000000000,323,Stockton,96
45,1995,,,,365,Stockton,96
46,1996,12/2/96,3/5/97,93 days 00:00:00.000000000,272,Stockton,96
47,1997,12/10/97,3/7/98,87 days 00:00:00.000000000,278,Stockton,96
48,1998,12/4/98,2/12/99,70 days 00:00:00.000000000,295,Stockton,96
49,1999,12/5/99,1/8/00,34 days 00:00:00.000000000,331,Stockton,96
50,2000,11/12/00,4/8/01,147 days 00:00:00.000000000,218,Stockton,96
51,2001,1/15/02,3/15/02,59 days 00:00:00.000000000,306,Stockton,96
52,2002,11/27/02,2/10/03,75 days 00:00:00.000000000,290,Stockton,96
53,2003,11/4/03,2/12/04,100 days 00:00:00.000000000,265,Stockton,96
54,2004,11/22/04,1/30/05,69 days 00:00:00.000000000,296,Stockton,96
55,2005,11/27/05,2/22/06,87 days 00:00:00.000000000,278,Stockton,96
56,2006,11/24/06,2/3/07,71 days 00:00:00.000000000,294,Stockton,96
57,2007,12/1/07,4/20/08,141 days 00:00:00.000000000,224,Stockton,96
58,2008,12/8/08,3/10/09,92 days 00:00:00.000000000,273,Stockton,96
59,2009,11/15/09,12/25/09,40 days 00:00:00.000000000,325,Stockton,96
60,2010,11/25/10,2/28/11,95 days 00:00:00.000000000,270,Stockton,96
61,2011,11/10/11,2/26/12,108 days 00:00:00.000000000,257,Stockton,96
62,2012,11/11/12,2/22/13,103 days 00:00:00.000000000,262,Stockton,96
63,2013,12/4/13,2/4/14,62 days 00:00:00.000000000,303,Stockton,96
64,2014,12/27/14,1/5/15,9 days 00:00:00.000000000,356,Stockton,96
65,2015,11/26/15,1/1/16,36 days 00:00:00.000000000,329,Stockton,96
66,2016,12/3/16,2/24/17,83 days 00:00:00.000000000,282,Stockton,96
67,2017,12/6/17,2/24/18,80 days 00:00:00.000000000,285,Stockton,96
68,2018,11/11/18,2/23/19,104 days 00:00:00.000000000,261,Stockton,96
69,2019,12/27/19,2/5/20,40 days 00:00:00.000000000,325,Stockton,96
0,1950,10/1/50,5/13/51,224 days 00:00:00.000000000,141,Salt Lake City,97
1,1951,10/18/51,4/9/52,174 days 00:00:00.000000000,191,Salt Lake City,97
2,1952,10/15/52,5/4/53,201 days 00:00:00.000000000,164,Salt Lake City,97
3,1953,10/21/53,5/28/54,219 days 00:00:00.000000000,146,Salt Lake City,97
4,1954,9/30/54,5/16/55,228 days 00:00:00.000000000,137,Salt Lake City,97
5,1955,10/6/55,4/15/56,192 days 00:00:00.000000000,173,Salt Lake City,97
6,1956,10/20/56,4/28/57,190 days 00:00:00.000000000,175,Salt Lake City,97
7,1957,10/28/57,4/29/58,183 days 00:00:00.000000000,182,Salt Lake City,97
8,1958,9/25/58,4/21/59,208 days 00:00:00.000000000,157,Salt Lake City,97
9,1959,10/2/59,5/19/60,230 days 00:00:00.000000000,135,Salt Lake City,97
10,1960,10/14/60,5/6/61,204 days 00:00:00.000000000,161,Salt Lake City,97
11,1961,9/24/61,4/30/62,218 days 00:00:00.000000000,147,Salt Lake City,97
12,1962,10/16/62,4/24/63,190 days 00:00:00.000000000,175,Salt Lake City,97
13,1963,10/27/63,5/5/64,191 days 00:00:00.000000000,174,Salt Lake City,97
14,1964,9/19/64,5/7/65,230 days 00:00:00.000000000,135,Salt Lake City,97
15,1965,9/17/65,5/23/66,248 days 00:00:00.000000000,117,Salt Lake City,97
16,1966,10/10/66,5/13/67,215 days 00:00:00.000000000,150,Salt Lake City,97
17,1967,10/15/67,5/7/68,205 days 00:00:00.000000000,160,Salt Lake City,97
18,1968,9/22/68,4/26/69,216 days 00:00:00.000000000,149,Salt Lake City,97
19,1969,10/13/69,4/29/70,198 days 00:00:00.000000000,167,Salt Lake City,97
20,1970,9/25/70,4/16/71,203 days 00:00:00.000000000,162,Salt Lake City,97
21,1971,9/28/71,5/2/72,217 days 00:00:00.000000000,148,Salt Lake City,97
22,1972,10/28/72,4/19/73,173 days 00:00:00.000000000,192,Salt Lake City,97
23,1973,10/26/73,4/28/74,184 days 00:00:00.000000000,181,Salt Lake City,97
24,1974,11/5/74,5/25/75,201 days 00:00:00.000000000,164,Salt Lake City,97
25,1975,10/23/75,4/10/76,170 days 00:00:00.000000000,195,Salt Lake City,97
26,1976,10/18/76,4/20/77,184 days 00:00:00.000000000,181,Salt Lake City,97
27,1977,11/1/77,5/5/78,185 days 00:00:00.000000000,180,Salt Lake City,97
28,1978,10/26/78,4/20/79,176 days 00:00:00.000000000,189,Salt Lake City,97
29,1979,10/30/79,4/13/80,166 days 00:00:00.000000000,199,Salt Lake City,97
30,1980,10/22/80,4/8/81,168 days 00:00:00.000000000,197,Salt Lake City,97
31,1981,10/31/81,4/22/82,173 days 00:00:00.000000000,192,Salt Lake City,97
32,1982,10/9/82,4/26/83,199 days 00:00:00.000000000,166,Salt Lake City,97
33,1983,11/8/83,4/26/84,170 days 00:00:00.000000000,195,Salt Lake City,97
34,1984,10/16/84,3/30/85,165 days 00:00:00.000000000,200,Salt Lake City,97
35,1985,11/9/85,4/26/86,168 days 00:00:00.000000000,197,Salt Lake City,97
36,1986,10/12/86,4/19/87,189 days 00:00:00.000000000,176,Salt Lake City,97
37,1987,11/11/87,5/2/88,173 days 00:00:00.000000000,192,Salt Lake City,97
38,1988,11/14/88,3/21/89,127 days 00:00:00.000000000,238,Salt Lake City,97
39,1989,10/17/89,4/30/90,195 days 00:00:00.000000000,170,Salt Lake City,97
40,1990,10/17/90,4/27/91,192 days 00:00:00.000000000,173,Salt Lake City,97
41,1991,10/24/91,3/11/92,139 days 00:00:00.000000000,226,Salt Lake City,97
42,1992,11/3/92,4/14/93,162 days 00:00:00.000000000,203,Salt Lake City,97
43,1993,10/29/93,4/8/94,161 days 00:00:00.000000000,204,Salt Lake City,97
44,1994,10/29/94,4/16/95,169 days 00:00:00.000000000,196,Salt Lake City,97
45,1995,10/22/95,4/28/96,189 days 00:00:00.000000000,176,Salt Lake City,97
46,1996,10/16/96,4/13/97,179 days 00:00:00.000000000,186,Salt Lake City,97
47,1997,10/13/97,4/18/98,187 days 00:00:00.000000000,178,Salt Lake City,97
48,1998,11/3/98,5/11/99,189 days 00:00:00.000000000,176,Salt Lake City,97
49,1999,10/16/99,4/1/00,168 days 00:00:00.000000000,197,Salt Lake City,97
50,2000,11/2/00,4/13/01,162 days 00:00:00.000000000,203,Salt Lake City,97
51,2001,10/12/01,5/8/02,208 days 00:00:00.000000000,157,Salt Lake City,97
52,2002,10/13/02,4/8/03,177 days 00:00:00.000000000,188,Salt Lake City,97
53,2003,10/26/03,4/11/04,168 days 00:00:00.000000000,197,Salt Lake City,97
54,2004,10/31/04,4/5/05,156 days 00:00:00.000000000,209,Salt Lake City,97
55,2005,11/12/05,4/20/06,159 days 00:00:00.000000000,206,Salt Lake City,97
56,2006,10/18/06,4/13/07,177 days 00:00:00.000000000,188,Salt Lake City,97
57,2007,10/22/07,5/2/08,193 days 00:00:00.000000000,172,Salt Lake City,97
58,2008,10/10/08,4/6/09,178 days 00:00:00.000000000,187,Salt Lake City,97
59,2009,10/26/09,5/7/10,193 days 00:00:00.000000000,172,Salt Lake City,97
60,2010,10/26/10,5/1/11,187 days 00:00:00.000000000,178,Salt Lake City,97
61,2011,10/26/11,4/7/12,164 days 00:00:00.000000000,201,Salt Lake City,97
62,2012,10/26/12,4/23/13,179 days 00:00:00.000000000,186,Salt Lake City,97
63,2013,11/3/13,4/30/14,178 days 00:00:00.000000000,187,Salt Lake City,97
64,2014,11/4/14,4/16/15,163 days 00:00:00.000000000,202,Salt Lake City,97
65,2015,11/7/15,3/19/16,133 days 00:00:00.000000000,232,Salt Lake City,97
66,2016,11/17/16,3/7/17,110 days 00:00:00.000000000,255,Salt Lake City,97
67,2017,10/15/17,4/3/18,170 days 00:00:00.000000000,195,Salt Lake City,97
68,2018,10/15/18,3/31/19,167 days 00:00:00.000000000,198,Salt Lake City,97
69,2019,10/10/19,4/14/20,187 days 00:00:00.000000000,178,Salt Lake City,97
0,1950,11/9/50,5/1/51,173 days 00:00:00.000000000,192,Seattle,98
1,1951,10/30/51,4/29/52,182 days 00:00:00.000000000,183,Seattle,98
2,1952,11/2/52,4/10/53,159 days 00:00:00.000000000,206,Seattle,98
3,1953,10/23/53,5/1/54,190 days 00:00:00.000000000,175,Seattle,98
4,1954,10/25/54,4/28/55,185 days 00:00:00.000000000,180,Seattle,98
5,1955,11/11/55,4/6/56,147 days 00:00:00.000000000,218,Seattle,98
6,1956,10/28/56,2/23/57,118 days 00:00:00.000000000,247,Seattle,98
7,1957,11/4/57,3/14/58,130 days 00:00:00.000000000,235,Seattle,98
8,1958,11/15/58,3/20/59,125 days 00:00:00.000000000,240,Seattle,98
9,1959,11/7/59,3/14/60,128 days 00:00:00.000000000,237,Seattle,98
10,1960,11/20/60,4/20/61,151 days 00:00:00.000000000,214,Seattle,98
11,1961,11/5/61,3/28/62,143 days 00:00:00.000000000,222,Seattle,98
12,1962,11/28/62,4/2/63,125 days 00:00:00.000000000,240,Seattle,98
13,1963,11/19/63,3/19/64,121 days 00:00:00.000000000,244,Seattle,98
14,1964,11/14/64,3/27/65,133 days 00:00:00.000000000,232,Seattle,98
15,1965,11/23/65,3/22/66,119 days 00:00:00.000000000,246,Seattle,98
16,1966,11/8/66,3/13/67,125 days 00:00:00.000000000,240,Seattle,98
17,1967,11/21/67,3/30/68,130 days 00:00:00.000000000,235,Seattle,98
18,1968,12/6/68,3/12/69,96 days 00:00:00.000000000,269,Seattle,98
19,1969,11/27/69,3/2/70,95 days 00:00:00.000000000,270,Seattle,98
20,1970,10/27/70,3/21/71,145 days 00:00:00.000000000,220,Seattle,98
21,1971,10/28/71,3/7/72,131 days 00:00:00.000000000,234,Seattle,98
22,1972,12/3/72,3/19/73,106 days 00:00:00.000000000,259,Seattle,98
23,1973,11/5/73,3/8/74,123 days 00:00:00.000000000,242,Seattle,98
24,1974,11/4/74,4/5/75,152 days 00:00:00.000000000,213,Seattle,98
25,1975,11/17/75,4/2/76,137 days 00:00:00.000000000,228,Seattle,98
26,1976,11/26/76,2/3/77,69 days 00:00:00.000000000,296,Seattle,98
27,1977,11/8/77,3/1/78,113 days 00:00:00.000000000,252,Seattle,98
28,1978,11/11/78,2/22/79,103 days 00:00:00.000000000,262,Seattle,98
29,1979,11/1/79,3/6/80,126 days 00:00:00.000000000,239,Seattle,98
30,1980,11/11/80,2/11/81,92 days 00:00:00.000000000,273,Seattle,98
31,1981,11/24/81,3/17/82,113 days 00:00:00.000000000,252,Seattle,98
32,1982,11/10/82,2/5/83,87 days 00:00:00.000000000,278,Seattle,98
33,1983,12/1/83,2/5/84,66 days 00:00:00.000000000,299,Seattle,98
34,1984,10/31/84,4/21/85,172 days 00:00:00.000000000,193,Seattle,98
35,1985,10/29/85,2/20/86,114 days 00:00:00.000000000,251,Seattle,98
36,1986,11/10/86,2/25/87,107 days 00:00:00.000000000,258,Seattle,98
37,1987,11/17/87,3/11/88,115 days 00:00:00.000000000,250,Seattle,98
38,1988,11/30/88,3/20/89,110 days 00:00:00.000000000,255,Seattle,98
39,1989,12/11/89,3/13/90,92 days 00:00:00.000000000,273,Seattle,98
40,1990,11/18/90,3/27/91,129 days 00:00:00.000000000,236,Seattle,98
41,1991,10/30/91,2/16/92,109 days 00:00:00.000000000,256,Seattle,98
42,1992,11/23/92,2/28/93,97 days 00:00:00.000000000,268,Seattle,98
43,1993,11/22/93,3/23/94,121 days 00:00:00.000000000,244,Seattle,98
44,1994,11/17/94,3/3/95,106 days 00:00:00.000000000,259,Seattle,98
45,1995,11/3/95,3/2/96,120 days 00:00:00.000000000,245,Seattle,98
46,1996,10/31/96,4/2/97,153 days 00:00:00.000000000,212,Seattle,98
47,1997,12/6/97,3/29/98,113 days 00:00:00.000000000,252,Seattle,98
48,1998,12/19/98,3/28/99,99 days 00:00:00.000000000,266,Seattle,98
49,1999,12/24/99,3/20/00,87 days 00:00:00.000000000,278,Seattle,98
50,2000,11/11/00,3/3/01,112 days 00:00:00.000000000,253,Seattle,98
51,2001,10/28/01,3/20/02,143 days 00:00:00.000000000,222,Seattle,98
52,2002,11/2/02,2/26/03,116 days 00:00:00.000000000,249,Seattle,98
53,2003,10/31/03,3/2/04,123 days 00:00:00.000000000,242,Seattle,98
54,2004,11/4/04,2/23/05,111 days 00:00:00.000000000,254,Seattle,98
55,2005,11/15/05,3/12/06,117 days 00:00:00.000000000,248,Seattle,98
56,2006,10/30/06,3/21/07,142 days 00:00:00.000000000,223,Seattle,98
57,2007,11/2/07,4/1/08,151 days 00:00:00.000000000,214,Seattle,98
58,2008,12/13/08,3/21/09,98 days 00:00:00.000000000,267,Seattle,98
59,2009,11/14/09,3/9/10,115 days 00:00:00.000000000,250,Seattle,98
60,2010,11/21/10,2/26/11,97 days 00:00:00.000000000,268,Seattle,98
61,2011,11/6/11,3/19/12,134 days 00:00:00.000000000,231,Seattle,98
62,2012,11/10/12,3/4/13,114 days 00:00:00.000000000,251,Seattle,98
63,2013,11/21/13,2/9/14,80 days 00:00:00.000000000,285,Seattle,98
64,2014,11/12/14,3/4/15,112 days 00:00:00.000000000,253,Seattle,98
65,2015,11/23/15,1/9/16,47 days 00:00:00.000000000,318,Seattle,98
66,2016,12/6/16,2/25/17,81 days 00:00:00.000000000,284,Seattle,98
67,2017,12/8/17,2/26/18,80 days 00:00:00.000000000,285,Seattle,98
68,2018,12/4/18,3/10/19,96 days 00:00:00.000000000,269,Seattle,98
69,2019,11/28/19,3/15/20,108 days 00:00:00.000000000,257,Seattle,98
0,1950,9/27/50,5/13/51,228 days 00:00:00.000000000,137,Provo,99
1,1951,10/12/51,4/13/52,184 days 00:00:00.000000000,181,Provo,99
2,1952,10/17/52,5/12/53,207 days 00:00:00.000000000,158,Provo,99
3,1953,10/21/53,5/28/54,219 days 00:00:00.000000000,146,Provo,99
4,1954,10/14/54,5/16/55,214 days 00:00:00.000000000,151,Provo,99
5,1955,10/6/55,5/14/56,221 days 00:00:00.000000000,144,Provo,99
6,1956,10/20/56,4/28/57,190 days 00:00:00.000000000,175,Provo,99
7,1957,10/5/57,4/29/58,206 days 00:00:00.000000000,159,Provo,99
8,1958,9/25/58,5/20/59,237 days 00:00:00.000000000,128,Provo,99
9,1959,9/28/59,5/24/60,239 days 00:00:00.000000000,126,Provo,99
10,1960,10/14/60,5/5/61,203 days 00:00:00.000000000,162,Provo,99
11,1961,9/24/61,5/21/62,239 days 00:00:00.000000000,126,Provo,99
12,1962,10/15/62,4/29/63,196 days 00:00:00.000000000,169,Provo,99
13,1963,10/28/63,5/12/64,197 days 00:00:00.000000000,168,Provo,99
14,1964,10/17/64,5/10/65,205 days 00:00:00.000000000,160,Provo,99
15,1965,9/17/65,5/23/66,248 days 00:00:00.000000000,117,Provo,99
16,1966,10/4/66,5/14/67,222 days 00:00:00.000000000,143,Provo,99
17,1967,9/13/67,5/16/68,246 days 00:00:00.000000000,119,Provo,99
18,1968,9/22/68,4/27/69,217 days 00:00:00.000000000,148,Provo,99
19,1969,10/3/69,5/11/70,220 days 00:00:00.000000000,145,Provo,99
20,1970,9/25/70,5/18/71,235 days 00:00:00.000000000,130,Provo,99
21,1971,9/18/71,5/2/72,227 days 00:00:00.000000000,138,Provo,99
22,1972,10/25/72,5/2/73,189 days 00:00:00.000000000,176,Provo,99
23,1973,10/4/73,5/21/74,229 days 00:00:00.000000000,136,Provo,99
24,1974,11/5/74,5/26/75,202 days 00:00:00.000000000,163,Provo,99
25,1975,10/15/75,4/28/76,196 days 00:00:00.000000000,169,Provo,99
26,1976,10/18/76,4/21/77,185 days 00:00:00.000000000,180,Provo,99
27,1977,10/11/77,5/31/78,232 days 00:00:00.000000000,133,Provo,99
28,1978,9/18/78,5/9/79,233 days 00:00:00.000000000,132,Provo,99
29,1979,10/22/79,3/31/80,161 days 00:00:00.000000000,204,Provo,99
30,1980,10/23/80,5/7/81,196 days 00:00:00.000000000,169,Provo,99
31,1981,10/15/81,5/6/82,203 days 00:00:00.000000000,162,Provo,99
32,1982,10/6/82,5/11/83,217 days 00:00:00.000000000,148,Provo,99
33,1983,11/8/83,5/7/84,181 days 00:00:00.000000000,184,Provo,99
34,1984,9/25/84,4/24/85,211 days 00:00:00.000000000,154,Provo,99
35,1985,9/29/85,5/8/86,221 days 00:00:00.000000000,144,Provo,99
36,1986,9/29/86,4/20/87,203 days 00:00:00.000000000,162,Provo,99
37,1987,11/11/87,5/6/88,177 days 00:00:00.000000000,188,Provo,99
38,1988,11/12/88,4/26/89,165 days 00:00:00.000000000,200,Provo,99
39,1989,10/17/89,5/9/90,204 days 00:00:00.000000000,161,Provo,99
40,1990,10/8/90,5/5/91,209 days 00:00:00.000000000,156,Provo,99
41,1991,10/24/91,3/20/92,148 days 00:00:00.000000000,217,Provo,99
42,1992,11/3/92,4/20/93,168 days 00:00:00.000000000,197,Provo,99
43,1993,10/27/93,4/30/94,185 days 00:00:00.000000000,180,Provo,99
44,1994,10/29/94,5/13/95,196 days 00:00:00.000000000,169,Provo,99
45,1995,10/5/95,4/29/96,207 days 00:00:00.000000000,158,Provo,99
46,1996,10/17/96,5/2/97,197 days 00:00:00.000000000,168,Provo,99
47,1997,10/12/97,4/18/98,188 days 00:00:00.000000000,177,Provo,99
48,1998,10/6/98,5/11/99,217 days 00:00:00.000000000,148,Provo,99
49,1999,10/17/99,4/2/00,168 days 00:00:00.000000000,197,Provo,99
50,2000,11/2/00,4/13/01,162 days 00:00:00.000000000,203,Provo,99
51,2001,10/10/01,5/9/02,211 days 00:00:00.000000000,154,Provo,99
52,2002,10/13/02,5/19/03,218 days 00:00:00.000000000,147,Provo,99
53,2003,10/11/03,3/29/04,170 days 00:00:00.000000000,195,Provo,99
54,2004,10/31/04,4/15/05,166 days 00:00:00.000000000,199,Provo,99
55,2005,10/5/05,4/20/06,197 days 00:00:00.000000000,168,Provo,99
56,2006,10/18/06,4/14/07,178 days 00:00:00.000000000,187,Provo,99
57,2007,9/30/07,5/13/08,226 days 00:00:00.000000000,139,Provo,99
58,2008,10/11/08,4/27/09,198 days 00:00:00.000000000,167,Provo,99
59,2009,10/1/09,5/24/10,235 days 00:00:00.000000000,130,Provo,99
60,2010,10/27/10,5/12/11,197 days 00:00:00.000000000,168,Provo,99
61,2011,10/26/11,4/28/12,185 days 00:00:00.000000000,180,Provo,99
62,2012,10/7/12,5/1/13,206 days 00:00:00.000000000,159,Provo,99
63,2013,9/28/13,4/29/14,213 days 00:00:00.000000000,152,Provo,99
64,2014,10/27/14,4/17/15,172 days 00:00:00.000000000,193,Provo,99
65,2015,11/6/15,12/31/15,55 days 00:00:00.000000000,310,Provo,99
66,2016,1/1/17,4/10/17,99 days 00:00:00.000000000,266,Provo,99
67,2017,10/13/17,4/18/18,187 days 00:00:00.000000000,178,Provo,99
68,2018,10/15/18,5/1/19,198 days 00:00:00.000000000,167,Provo,99
69,2019,10/9/19,3/28/20,171 days 00:00:00.000000000,194,Provo,99
0,1950,11/5/50,3/27/51,142 days 00:00:00.000000000,223,Durham,100
1,1951,11/3/51,3/17/52,135 days 00:00:00.000000000,230,Durham,100
2,1952,10/20/52,4/21/53,183 days 00:00:00.000000000,182,Durham,100
3,1953,11/6/53,3/22/54,136 days 00:00:00.000000000,229,Durham,100
4,1954,11/1/54,3/30/55,149 days 00:00:00.000000000,216,Durham,100
5,1955,11/4/55,5/9/56,187 days 00:00:00.000000000,178,Durham,100
6,1956,11/10/56,4/15/57,156 days 00:00:00.000000000,209,Durham,100
7,1957,10/28/57,4/2/58,156 days 00:00:00.000000000,209,Durham,100
8,1958,10/30/58,3/29/59,150 days 00:00:00.000000000,215,Durham,100
9,1959,11/3/59,4/11/60,160 days 00:00:00.000000000,205,Durham,100
10,1960,10/25/60,4/7/61,164 days 00:00:00.000000000,201,Durham,100
11,1961,10/27/61,4/17/62,172 days 00:00:00.000000000,193,Durham,100
12,1962,10/25/62,5/2/63,189 days 00:00:00.000000000,176,Durham,100
13,1963,10/31/63,4/10/64,162 days 00:00:00.000000000,203,Durham,100
14,1964,10/12/64,4/3/65,173 days 00:00:00.000000000,192,Durham,100
15,1965,10/25/65,4/17/66,174 days 00:00:00.000000000,191,Durham,100
16,1966,11/3/66,3/23/67,140 days 00:00:00.000000000,225,Durham,100
17,1967,10/29/67,4/12/68,166 days 00:00:00.000000000,199,Durham,100
18,1968,10/27/68,4/25/69,180 days 00:00:00.000000000,185,Durham,100
19,1969,10/24/69,4/8/70,166 days 00:00:00.000000000,199,Durham,100
20,1970,10/18/70,4/15/71,179 days 00:00:00.000000000,186,Durham,100
21,1971,11/5/71,4/10/72,157 days 00:00:00.000000000,208,Durham,100
22,1972,10/20/72,4/14/73,176 days 00:00:00.000000000,189,Durham,100
23,1973,10/18/73,4/11/74,175 days 00:00:00.000000000,190,Durham,100
24,1974,10/3/74,4/13/75,192 days 00:00:00.000000000,173,Durham,100
25,1975,10/31/75,4/28/76,180 days 00:00:00.000000000,185,Durham,100
26,1976,10/23/76,5/10/77,199 days 00:00:00.000000000,166,Durham,100
27,1977,10/18/77,4/22/78,186 days 00:00:00.000000000,179,Durham,100
28,1978,10/25/78,3/27/79,153 days 00:00:00.000000000,212,Durham,100
29,1979,10/27/79,3/23/80,148 days 00:00:00.000000000,217,Durham,100
30,1980,11/12/80,4/16/81,155 days 00:00:00.000000000,210,Durham,100
31,1981,10/20/81,4/10/82,172 days 00:00:00.000000000,193,Durham,100
32,1982,11/5/82,4/21/83,167 days 00:00:00.000000000,198,Durham,100
33,1983,11/5/83,4/11/84,158 days 00:00:00.000000000,207,Durham,100
34,1984,11/7/84,4/10/85,154 days 00:00:00.000000000,211,Durham,100
35,1985,11/9/85,4/24/86,166 days 00:00:00.000000000,199,Durham,100
36,1986,10/20/86,4/6/87,168 days 00:00:00.000000000,197,Durham,100
37,1987,10/22/87,4/20/88,181 days 00:00:00.000000000,184,Durham,100
38,1988,10/13/88,4/12/89,181 days 00:00:00.000000000,184,Durham,100
39,1989,11/17/89,4/12/90,146 days 00:00:00.000000000,219,Durham,100
40,1990,10/27/90,3/16/91,140 days 00:00:00.000000000,225,Durham,100
41,1991,11/4/91,4/6/92,154 days 00:00:00.000000000,211,Durham,100
42,1992,10/20/92,3/20/93,151 days 00:00:00.000000000,214,Durham,100
43,1993,11/2/93,3/17/94,135 days 00:00:00.000000000,230,Durham,100
44,1994,11/12/94,4/3/95,142 days 00:00:00.000000000,223,Durham,100
45,1995,11/5/95,4/11/96,158 days 00:00:00.000000000,207,Durham,100
46,1996,11/3/96,4/10/97,158 days 00:00:00.000000000,207,Durham,100
47,1997,10/23/97,4/6/98,165 days 00:00:00.000000000,200,Durham,100
48,1998,10/23/98,3/28/99,156 days 00:00:00.000000000,209,Durham,100
49,1999,10/25/99,4/5/00,163 days 00:00:00.000000000,202,Durham,100
50,2000,10/10/00,4/19/01,191 days 00:00:00.000000000,174,Durham,100
51,2001,10/28/01,4/7/02,161 days 00:00:00.000000000,204,Durham,100
52,2002,11/2/02,4/1/03,150 days 00:00:00.000000000,215,Durham,100
53,2003,11/14/03,4/6/04,144 days 00:00:00.000000000,221,Durham,100
54,2004,11/9/04,3/19/05,130 days 00:00:00.000000000,235,Durham,100
55,2005,10/27/05,3/27/06,151 days 00:00:00.000000000,214,Durham,100
56,2006,10/24/06,4/10/07,168 days 00:00:00.000000000,197,Durham,100
57,2007,11/7/07,4/16/08,161 days 00:00:00.000000000,204,Durham,100
58,2008,10/30/08,4/8/09,160 days 00:00:00.000000000,205,Durham,100
59,2009,11/28/09,3/27/10,119 days 00:00:00.000000000,246,Durham,100
60,2010,11/7/10,3/29/11,142 days 00:00:00.000000000,223,Durham,100
61,2011,10/30/11,4/12/12,165 days 00:00:00.000000000,200,Durham,100
62,2012,11/9/12,3/29/13,140 days 00:00:00.000000000,225,Durham,100
63,2013,10/26/13,4/17/14,173 days 00:00:00.000000000,192,Durham,100
64,2014,11/3/14,3/29/15,146 days 00:00:00.000000000,219,Durham,100
65,2015,10/19/15,4/10/16,174 days 00:00:00.000000000,191,Durham,100
66,2016,11/12/16,3/23/17,131 days 00:00:00.000000000,234,Durham,100
67,2017,11/11/17,4/8/18,148 days 00:00:00.000000000,217,Durham,100
68,2018,11/11/18,4/3/19,143 days 00:00:00.000000000,222,Durham,100
69,2019,11/9/19,4/11/20,154 days 00:00:00.000000000,211,Durham,100